0.0,0.865434369302729,0.0,0.0,0.0,0.0,0.0,0.0,0.0,0.0,0.0,0.0,0.0,0.0,0.7412457820144607,0.0,0.7497819525320312,0.0,0.0,0.0,0.0,0.0,0.5492140768377909,0.0,0.0,0.0,0.0,0.0,0.0,0.0,0.0,0.0,0.0,0.0,0.6166852659724573,0.0,0.0,0.0,0.0,0.8687610323714284,0.0,0.0,0.0,0.0,0.0,0.0,0.0,0.0,0.0,0.0,0.0,0.6308528718117188,0.0,0.0,0.0,0.6258503455217097,0.0,0.0,0.0,0.0
0.9471382871768509,0.0,0.0,0.0,0.0,0.0,0.0,0.0,0.0,0.0,0.0,0.0,0.0,0.0,0.0,0.0,0.0,0.0,0.4680062841043886,0.0,0.0,0.0,0.0,0.0,0.0,0.0,0.0,0.0,0.658921589498134,0.0,0.0,0.0,0.0,0.0,0.0,0.0,0.6481602190257906,0.6687529851219525,0.0,0.6433157325810217,0.0,0.0,0.0,0.0,0.0,0.0,0.0,0.6135136553964554,0.0,0.0,0.0,0.0,0.0,0.6936219601916886,0.0,0.0,0.0,0.0,0.0,0.0
0.0,0.0,0.0,0.0,0.8147356910059594,0.0,0.0,0.0,0.0,0.0,0.0,0.623729983389719,0.0,0.0,0.0,0.0,0.0,0.0,0.0,0.7552515781889934,0.0,0.0,0.0,0.0,0.0,0.5806230412684857,0.0,0.0,0.5954440485056232,0.0,0.0,0.0,0.40176029142922753,0.0,0.0,0.0,0.0,0.0,0.0,0.6576205808985983,0.0,0.0,0.0,0.0,0.0,0.0,0.0,0.0,0.0,0.0,0.0,0.0,0.0,0.0,0.0,0.0,0.0,0.0,0.0,0.38209700226911025
0.0,0.0,0.0,0.0,0.0,0.0,0.0,0.0,0.0,0.0,0.0,0.0,0.0,0.0,0.0,0.0,0.0,0.0,0.0,0.0,0.0,0.0,0.0,0.0,0.0,0.0,0.0,0.0,0.0,0.0,0.0,0.0,0.0,0.0,0.0,0.0,0.0,0.0,0.0,0.0,0.0,0.0,0.0,0.4533160599932704,0.0,0.0,0.0,0.0,0.0,0.0,0.0,0.0,0.0,0.0,0.0,0.0,0.7718254919312263,0.0,0.0,0.0
0.7827314120324734,0.0,0.0,0.0,0.0,0.0,0.0,0.5904382880284104,0.0,0.0,0.0,0.623729983389719,0.0,0.0,0.0,0.9166159778934875,0.0,0.0,0.0,0.0,0.0,0.0,0.0,0.0,0.0,0.6337719747410013,0.0,0.0,0.0,0.0,0.6591102081273685,0.0,0.0,0.0,0.0,0.0,0.0,0.0,0.0,0.0,0.0,0.0,0.0,0.0,0.0,0.42228236301860667,0.0,0.0,0.0,0.0,0.0,0.0,0.0,0.0,0.0,0.0,0.5901995682437937,0.0,0.0,0.0
0.0,0.0,0.7867792161193582,0.0,0.0,0.0,0.0,0.0,0.0,0.0,0.0,0.0,0.0,0.0,0.0,0.0,0.0,0.0,0.0,0.0,0.0,0.0,0.0,0.0,0.0,0.0,0.0,0.8484844028147269,0.0,0.0,0.0,0.0,0.0,0.0,0.0,0.0,0.0,0.0,0.0,0.0,0.0,0.7499595625768809,0.0,0.0,0.0,0.8162674006079355,0.0,0.0,0.6871494936537423,0.0,0.0,0.0,0.0,0.0,0.0,0.0,0.6805260478029127,0.0,0.0,0.0
0.0,0.0,0.0,0.0,0.2888902083271805,0.30617583405151183,0.0,0.0,0.0,0.0,0.42464019269915965,0.0,0.0,0.0,0.0,0.0,0.0,0.0,0.0,0.0,0.0,0.0,0.0,0.0,0.0,0.0,0.0,0.0,0.0,0.0,0.0,0.0,0.0,0.0,0.0,0.0,0.0,0.0,0.0,0.0,0.0,0.0,0.0,0.0,0.0,0.0,0.0,0.0,0.0,0.0,0.0,0.5922383021302082,0.0,0.0,0.0,0.6258503455217097,0.0,0.0,0.0,0.3058788905350739
0.0,0.0,0.0,0.0,0.43050648450834905,0.0,0.0,0.0,0.918069132168046,0.9270400507750146,0.7334687488168412,0.0,0.0,0.0,0.0,0.0,0.0,0.0,0.5494255735703362,0.0,0.0,0.0,0.0,0.0,0.0,0.0,0.0,0.0,0.0,0.0,0.0,0.0,0.0,0.0,0.0,0.0,0.0,0.3833352489931158,0.0,0.0,0.0,0.0,0.0,0.0,0.0,0.0,0.0,0.0,0.0,0.0,0.0,0.0,0.0,0.7240788215391636,0.0,0.0,0.0,0.0,0.8100699826327621,0.0
0.0,0.0,0.0,0.27955728477330843,0.0,0.49146482250891954,0.0,0.0,0.6084807375156327,0.0,0.0,0.0,0.6439144980012025,0.0,0.0,0.0,0.6358447154321625,0.0,0.5913648494713413,0.7766129144758399,0.0,0.0,0.0,0.0,0.0,0.0,0.7614177479478126,0.6728256981216433,0.0,0.45403360435069084,0.0,0.0,0.4542063128701077,0.5193241871994831,0.6949265421617374,0.7168936399381386,0.0,0.0,0.0,0.0,0.0,0.0,0.0,0.0,0.0,0.0,0.0,0.0,0.0,0.8576093944613403,0.0,0.6046904981540978,0.0,0.8159687437504616,0.0,0.6536072114690838,0.0,0.851631686183498,0.5460469060606379,0.0
0.0,0.0,0.0,0.3827785696552718,0.0,0.0,0.0,0.0,0.0,0.5695082414367117,0.0,0.0,0.0,0.8746089237234657,0.0,0.7225961515359612,0.5337479986945715,0.0,0.0,0.0,0.0,0.0,0.0,0.0,0.0,0.0,0.0,0.0,0.3704489837110265,0.0,0.0,0.0,0.0,0.0,0.0,0.0,0.0,0.0,0.0,0.0,0.0,0.0,0.0,0.0,0.38930860488388985,0.0,0.0,0.0,0.0,0.0,0.0,0.0,0.0,0.0,0.0,0.6258503455217097,0.0,0.0,0.0,0.0
0.0,0.0,0.0,0.3747302229622863,0.0,0.714707214857937,0.0,0.6873647558046289,0.0,0.8408674948638323,0.0,0.0,0.5170889157761396,0.0,0.7833118708251233,0.0,0.0,0.0,0.0,0.6128284747311878,0.7663169947840739,0.0,0.0,0.7810736011179258,0.6254402054092343,0.0,0.0,0.0,0.723713043900948,0.0,0.0,0.0,0.4595286769039848,0.0,0.0,0.489951756098037,0.0,0.8260016806564425,0.0,0.0,0.6587240450411961,0.7307042140197053,0.850348615025599,0.0,0.0,0.0,0.0,0.0,0.0,0.8275908486931919,0.0,0.0,0.0,0.0,0.0,0.0,0.5550995685913833,0.0,0.5374780129519454,0.0
0.7407594952222881,0.0,0.0,0.0,0.0,0.9072205478250455,0.0,0.0,0.7691595076761816,0.0,0.0,0.0,0.0,0.0,0.0,0.7412474248579168,0.0,0.0,0.0,0.0,0.0,0.0,0.0,0.0,0.0,0.0,0.0,0.0,0.0,0.0,0.5459010568136433,0.0,0.0,0.0,0.0,0.0,0.0,0.9013866902207545,0.0,0.0,0.0,0.0,0.0,0.0,0.0,0.0,0.6558356589448493,0.0,0.0,0.0,0.0,0.0,0.8341174837279424,0.0,0.0,0.0,0.0,0.0,0.0,0.0
0.0,0.0,0.0,0.0,0.0,0.0,0.0,0.0,0.0,0.0,0.6140452200804608,0.0,0.0,0.0,0.0,0.0,0.0,0.0,0.0,0.0,0.0,0.0,0.5795335310886316,0.7034721461186604,0.0,0.0,0.0,0.0,0.0,0.0,0.0,0.0,0.0,0.0,0.0,0.0,0.0,0.0,0.0,0.0,0.0,0.5846444651304804,0.0,0.0,0.0,0.0,0.5980660423078514,0.0,0.0,0.0,0.0,0.0,0.6721021360167934,0.0,0.0,0.0,0.0,0.0,0.0,0.0
0.0,0.0,0.0,0.0,0.0,0.508683428679517,0.5877436632107182,0.0,0.0,0.0,0.797419379364017,0.3229321491902759,0.0,0.9346006269891494,0.0,0.0,0.0,0.0,0.42292347669271757,0.0,0.0,0.0,0.0,0.0,0.7757344437416289,0.0,0.7413081157162182,0.0,0.0,0.9101150447611057,0.0,0.6360107169838949,0.0,0.5193241871994831,0.0,0.3756196760847411,0.0,0.0,0.0,0.0,0.0,0.8677888822630438,0.0,0.40935346419260066,0.6353851620286676,0.0,0.0,0.0,0.0,0.0,0.8270456794507353,0.747551197764092,0.0,0.5712022583119364,0.7707412506557441,0.0,0.0,0.0,0.7066172951636049,0.0
0.603508336383471,0.6968629170902285,0.0,0.0,0.6618833571279886,0.0,0.0,0.7037892711040004,0.0,0.0,0.0,0.0,0.0,0.9346006269891494,0.0,0.0,0.0,0.0,0.0,0.4168206021977272,0.0,0.0,0.0,0.0,0.0,0.0,0.8699173685909856,0.0,0.4030624135552533,0.8213363640196976,0.0,0.0,0.0,0.0,0.0,0.0,0.0,0.3752797304918124,0.32270833780337393,0.0,0.0,0.0,0.0,0.0,0.0,0.0,0.0,0.0,0.0,0.6833375858336419,0.0,0.7284665807854498,0.0,0.0,0.0,0.0,0.610046661595997,0.0,0.0,0.0
0.5910921383521677,0.0,0.7889623319847268,0.0,0.45623797869567906,0.0,0.0,0.0,0.0,0.0,0.0,0.0,0.0,0.0,0.6299273783089216,0.0,0.0,0.6151865926844595,0.0,0.0,0.0,0.0,0.8081874574518267,0.0,0.0,0.0,0.0,0.0,0.0,0.3739643022784548,0.0,0.6360107169838949,0.0,0.5193241871994831,0.658049440236449,0.0,0.0,0.40862483577206477,0.0,0.0,0.0,0.37752126168578637,0.0,0.0,0.0,0.0,0.0,0.7366149310135257,0.0,0.7349055177004504,0.0,0.0,0.0,0.0,0.0,0.0,0.0,0.0,0.0,0.0
0.0,0.0,0.0,0.0,0.0,0.4355462580991383,0.0,0.0,0.0,0.0,0.0,0.0,0.0,0.6770803846307686,0.0,0.0,0.0,0.0,0.0,0.0,0.4473769340017978,0.0,0.0,0.0,0.0,0.0,0.0,0.0,0.0,0.0,0.617631264087967,0.0,0.0,0.0,0.6949265421617374,0.0,0.0,0.0,0.0,0.0,0.0,0.0,0.0,0.0,0.8862283863661019,0.0,0.0,0.0,0.0,0.0,0.0,0.0,0.0,0.0,0.0,0.0,0.0,0.0,0.0,0.0
0.0,0.0,0.0,0.0,0.0,0.0,0.0,0.7037892711040004,0.0,0.0,0.0,0.0,0.0,0.0,0.0,0.0,0.0,0.0,0.0,0.0,0.0,0.0,0.0,0.0,0.8259452967487617,0.0,0.0,0.0,0.0,0.0,0.0,0.0,0.0,0.0,0.0,0.0,0.0,0.0,0.0,0.0,0.0,0.0,0.0,0.0,0.0,0.0,0.0,0.0,0.0,0.0,0.0,0.0,0.0,0.0,0.0,0.0,0.0,0.0,0.0,0.0
0.0,0.0,0.0,0.0,0.0,0.3743867222843529,0.0,0.642591555901236,0.4835576826946719,0.0,0.0,0.0,0.0,0.6929542737796008,0.5277222695545639,0.0,0.6879248027777323,0.0,0.0,0.0,0.0,0.0,0.6168654916627911,0.0,0.0,0.0,0.0,0.0,0.38059260749526036,0.0,0.0,0.0,0.0,0.0,0.0,0.0,0.0,0.0,0.0,0.0,0.0,0.0,0.0,0.0,0.0,0.0,0.0,0.0,0.0,0.0,0.0,0.0,0.0,0.0,0.0,0.0,0.0,0.0,0.0,0.0
0.0,0.0,0.0,0.0,0.0,0.0,0.0,0.0,0.0,0.0,0.35272796125373995,0.0,0.0,0.0,0.0,0.0,0.0,0.0,0.0,0.575851688699603,0.0,0.0,0.0,0.0,0.0,0.0,0.0,0.0,0.0,0.0,0.0,0.0,0.0,0.0,0.0,0.0,0.0,0.0,0.0,0.0,0.0,0.0,0.0,0.0,0.0,0.0,0.0,0.0,0.0,0.0,0.0,0.0,0.0,0.0,0.0,0.0,0.0,0.0,0.0,0.0
0.0,0.0,0.0,0.0,0.0,0.44197493492306694,0.0,0.0,0.0,0.0,0.0,0.0,0.5915922567656979,0.0,0.0,0.0,0.0,0.0,0.0,0.0,0.0,0.0,0.0,0.0,0.0,0.0,0.0,0.0,0.0,0.0,0.0,0.0,0.0,0.0,0.0,0.0,0.0,0.0,0.0,0.0,0.0,0.0,0.0,0.0,0.0,0.0,0.0,0.0,0.0,0.0,0.0,0.0,0.0,0.0,0.0,0.0,0.0,0.0,0.0,0.0
0.41930589867176804,0.0,0.0,0.0,0.6598865838974288,0.0,0.8269240420424673,0.0,0.0,0.0,0.0,0.0,0.0,0.0,0.6038261173104567,0.0,0.0,0.0,0.0,0.0,0.7268558129361957,0.0,0.0,0.0,0.0,0.0,0.0,0.0,0.0,0.0,0.6309392323709196,0.0,0.0,0.0,0.0,0.0,0.0,0.0,0.0,0.0,0.0,0.0,0.0,0.0,0.0,0.0,0.0,0.0,0.0,0.612346695427904,0.7997831100947221,0.0,0.0,0.0,0.0,0.0,0.0,0.0,0.0,0.0
0.0,0.0,0.0,0.0,0.0,0.0,0.0,0.0,0.0,0.0,0.0,0.0,0.0,0.0,0.6949651582610734,0.0,0.0,0.0,0.0,0.0,0.0,0.0,0.0,0.0,0.0,0.0,0.0,0.7490877121573956,0.0,0.0,0.0,0.0,0.0,0.5193241871994831,0.0,0.24491774546909373,0.0,0.0,0.0,0.0,0.0,0.0,0.0,0.0,0.0,0.0,0.0,0.0,0.0,0.0,0.0,0.0,0.0,0.0,0.672218936103521,0.6536072114690838,0.0,0.0,0.0,0.0
0.0,0.0,0.9260871954349226,0.0,0.0,0.45100822114159544,0.0,0.642591555901236,0.67333095172071,0.4664488348723361,0.45322665377439997,0.0,0.0,0.5946889120808408,0.0,0.0,0.7125820616616236,0.0,0.0,0.0,0.8759344807238792,0.4479446278565431,0.6787400608211395,0.0,0.6254402054092343,0.6337719747410013,0.0,0.0,0.0,0.0,0.0,0.6159273482146617,0.0,0.0,0.0,0.0,0.0,0.6531925388138505,0.0,0.0,0.0,0.0,0.0,0.0,0.0,0.0,0.0,0.0,0.6871494936537423,0.5760602454896051,0.0,0.0,0.0,0.0,0.0,0.0,0.8660731771915231,0.6025244114977021,0.607665208650978,0.0
0.5496730513475825,0.0,0.0,0.0,0.570671612647103,0.4721666676441467,0.0,0.8668054208569307,0.0,0.0,0.0,0.0,0.2836180381484579,0.0,0.76135016169017,0.0,0.0,0.5780031298104262,0.5494255735703362,0.4256292225583038,0.0,0.0,0.0,0.0,0.0,0.0,0.663728518893281,0.0,0.3491040652381361,0.5019243981298642,0.0,0.7938733443957859,0.0,0.6982563389042985,0.0,0.8591071723169569,0.5376243610699417,0.6539875943472295,0.0,0.0,0.6587240450411961,0.7127366707239772,0.0,0.0,0.0,0.0,0.0,0.0,0.0,0.0,0.0,0.0,0.0,0.0,0.0,0.0,0.0,0.9551317869226779,0.0,0.0
0.5965221682885203,0.6968629170902285,0.7441424171952777,0.3683056863298453,0.0,0.8932668127801136,0.0,0.0,0.0,0.5820564083406858,0.0,0.0,0.0,0.0,0.0,0.0,0.7823054233075216,0.0,0.0,0.0,0.0,0.0,0.0,0.0,0.6254402054092343,0.0,0.0,0.0,0.0,0.42387441054775044,0.0,0.0,0.0,0.0,0.7117816545093041,0.0,0.0,0.0,0.38459444617303895,0.0,0.0,0.0,0.0,0.4422037381456214,0.0,0.0,0.0,0.3139764541686706,0.703562081843247,0.0,0.9004349609719462,0.6897265685727259,0.0,0.0,0.5670560938769231,0.6258503455217097,0.623086739245716,0.5225203214216881,0.0,0.0
0.704693990380482,0.0,0.0,0.0,0.0,0.3743867222843529,0.0,0.0,0.0,0.0,0.0,0.623729983389719,0.0,0.0,0.0,0.0,0.0,0.0,0.0,0.0,0.0,0.30374923058394343,0.5838174096370617,0.0,0.0,0.6337719747410013,0.0,0.0,0.0,0.5396515506470104,0.0,0.8500393446580795,0.0,0.0,0.0,0.0,0.0,0.5306649223269342,0.0,0.0,0.0,0.0,0.0,0.0,0.0,0.7063295521836848,0.0,0.0,0.0,0.0,0.0,0.93892301783532,0.6958898377310444,0.0,0.0,0.0,0.0,0.8903954538134846,0.0,0.3769463222200031
0.0,0.0,0.0,0.0,0.0,0.0,0.0,0.0,0.0,0.0,0.0,0.0,0.0,0.0,0.0,0.9447994125272148,0.0,0.0,0.0,0.0,0.9265680377951572,0.0,0.7415584176669807,0.0,0.0,0.0,0.0,0.0,0.0,0.7721388694364438,0.67410760947367,0.0,0.0,0.0,0.0,0.0,0.0,0.0,0.0,0.0,0.0,0.0,0.0,0.0,0.0,0.0,0.0,0.0,0.0,0.0,0.0,0.0,0.0,0.0,0.5670560938769231,0.0,0.0,0.0,0.0,0.0
0.0,0.0,0.0,0.0,0.0,0.0,0.0,0.0,0.0,0.0,0.0,0.0,0.0,0.0,0.0,0.0,0.0,0.0,0.0,0.0,0.0,0.0,0.0,0.0,0.0,0.0,0.0,0.0,0.0,0.0,0.0,0.0,0.0,0.0,0.9445940916743156,0.0,0.0,0.0,0.0,0.0,0.0,0.0,0.0,0.0,0.0,0.0,0.0,0.0,0.0,0.0,0.0,0.0,0.0,0.0,0.0,0.6258503455217097,0.0,0.0,0.0,0.0
0.0,0.0,0.0,0.0,0.0,0.0,0.0,0.0,0.0,0.0,0.0,0.0,0.0,0.0,0.0,0.0,0.0,0.0,0.0,0.0,0.0,0.0,0.0,0.0,0.0,0.0,0.0,0.0,0.0,0.0,0.0,0.0,0.0,0.0,0.0,0.0,0.0,0.0,0.0,0.0,0.0,0.0,0.0,0.7375817646174689,0.0,0.0,0.0,0.0,0.0,0.0,0.8002171253669178,0.0,0.0,0.0,0.0,0.0,0.0,0.0,0.0,0.0
0.0,0.0,0.0,0.0,0.0,0.39286902010695857,0.0,0.0,0.0,0.0,0.0,0.0,0.0,0.0,0.6038261173104567,0.0,0.0,0.5780031298104262,0.0,0.6257030456695893,0.9321196130922449,0.36341939545133073,0.0,0.8328809761652699,0.0,0.19013764532798894,0.0,0.0,0.6046084445635196,0.0,0.0,0.0,0.0,0.0,0.0,0.0,0.0,0.0,0.0,0.0,0.7913598251367766,0.6877824802269172,0.0,0.0,0.0,0.0,0.0,0.0,0.6871494936537423,0.0,0.0,0.0,0.0,0.0,0.6957639499485764,0.0,0.0,0.0,0.659304517938498,0.0
0.0,0.0,0.0,0.0,0.0,0.0,0.0,0.7713972789162372,0.0,0.0,0.0,0.0,0.0,0.7670255851167078,0.0,0.6436955022138235,0.0,0.0,0.0,0.7169837283458396,0.0,0.0,0.6085821305545629,0.0769229545305945,0.0,0.0,0.0,0.0,0.0,0.0,0.0,0.566973670720334,0.0,0.0,0.0,0.0,0.0,0.0,0.0,0.0,0.0,0.5556130293840117,0.0,0.7527416942978084,0.8355128578546669,0.0,0.8641725592749168,0.0,0.09328915266282922,0.9834143270963714,0.8270456794507353,0.0,0.9132993125474229,0.0,0.0,0.6394615638434316,0.0,0.6565078698787292,0.7632017493790985,0.3353165305163518
0.0,0.0,0.0,0.0,0.0,0.0,0.0,0.0,0.0,0.0,0.0,0.0,0.0,0.0,0.0,0.0,0.0,0.0,0.0,0.0,0.0,0.0,0.0,0.0,0.0,0.0,0.0,0.0,0.0,0.0,0.0,0.0,0.0,0.0,0.0,0.0,0.0,0.0,0.0,0.0,0.0,0.0,0.0,0.0,0.0,0.0,0.0,0.0,0.0,0.0,0.0,0.0,0.0,0.785215231631252,0.0,0.0,0.0,0.0,0.8453177822020879,0.0
0.0,0.0,0.0,0.0,0.0,0.0,0.0,0.0,0.5718793010186229,0.6058894137543214,0.3007424708001064,0.8531016494309716,0.8850951904128275,0.0,0.0,0.0,0.0,0.0,0.0,0.0,0.0,0.0,0.0,0.0,0.0,0.0,0.0,0.6951115348354254,0.43108390962329024,0.0,0.37854537558807555,0.0,0.8208094559158959,0.0,0.0,0.0,0.0,0.0,0.0,0.7494479427827687,0.0,0.0,0.0,0.0,0.4929930770382528,0.48401324443292626,0.0,0.0,0.0,0.0,0.0,0.0,0.6159205691464987,0.0,0.5968132267163364,0.0,0.0,0.0,0.0,0.0
0.0,0.0,0.0,0.0,0.0,0.0,0.0,0.6873647558046289,0.5491260343551616,0.0,0.0,0.0,0.419657958843463,0.0,0.0,0.0,0.7706333257016558,0.0,0.0,0.0,0.6614623404601099,0.34027667459187916,0.7485880899376378,0.7034721461186604,0.0,0.0,0.0,0.6951115348354254,0.6046084445635196,0.0,0.3866437819643743,0.0,0.0,0.5193241871994831,0.0,0.489951756098037,0.43097343517549225,0.0,0.0,0.7931755977265091,0.0,0.0,0.7710992856613235,0.0,0.0,0.0,0.0,0.0,0.0,0.0,0.0,0.6308528718117188,0.0,0.0,0.0,0.5309455937167032,0.0,0.7509755904640031,0.0,0.6710685703749486
0.0,0.0,0.0,0.0,0.0,0.0,0.4432637184241379,0.0,0.0,0.0,0.0,0.0,0.0,0.0,0.0,0.0,0.0,0.0,0.0,0.0,0.0,0.0,0.0,0.0,0.0,0.0,0.0,0.0,0.0,0.0,0.0,0.0,0.0,0.0,0.0,0.0,0.0,0.0,0.0,0.0,0.0,0.0,0.0,0.0,0.0,0.0,0.0,0.0,0.0,0.0,0.0,0.0,0.0,0.0,0.0,0.0,0.0,0.6153094185514181,0.0,0.0
0.0,0.0,0.0,0.9689791348155445,0.0,0.0,0.0,0.0,0.0,0.0,0.0,0.0,0.0,0.0,0.0,0.0,0.0,0.0,0.0,0.9900899030770827,0.0,0.0,0.0,0.0,0.0,0.6337719747410013,0.0,0.0,0.0,0.0,0.0,0.0,0.0,0.0,0.0,0.0,0.0,0.0,0.0,0.5724765113168789,0.0,0.0,0.0,0.0,0.0,0.0,0.0,0.0,0.0,0.0,0.0,0.6046904981540978,0.9501703823489428,0.0,0.0,0.0,0.0,0.0,0.0,0.0
0.0,0.6968629170902285,0.0,0.0,0.0,0.0,0.0,0.0,0.6945702488356728,0.0,0.0,0.0,0.0,0.0,0.0,0.0,0.0,0.0,0.0,0.0,0.0,0.0,0.0,0.0,0.0,0.0,0.0,0.0,0.0,0.0,0.0,0.0,0.0,0.0,0.0,0.0,0.0,0.0,0.0,0.0,0.0,0.0,0.0,0.0,0.0,0.0,0.0,0.0,0.0,0.0,0.0,0.0,0.0,0.0,0.0,0.0,0.0,0.0,0.0,0.0
0.6641512830416094,0.0,0.6925314693804833,0.0,0.0,0.0,0.0,0.4502189489561317,0.0,0.0,0.0,0.0,0.31210239478083346,0.0,0.0,0.0,0.0,0.5780031298104262,0.0,0.0,0.0,0.0,0.0,0.0,0.0,0.6337719747410013,0.5451137603814624,0.0,0.0,0.0,0.0,0.0,0.0,0.6821175736039541,0.0,0.0,0.0,0.0,0.0,0.0,0.0,0.0,0.0,0.6700555648881444,0.0,0.8162674006079355,0.0,0.0,0.0,0.7359452415608956,0.0,0.0,0.0,0.8455088893276275,0.0,0.0,0.0,0.771936069171927,0.4221361851587515,0.0
0.0,0.0,0.0,0.0,0.0,0.0,0.0,0.0,0.0,0.0,0.0,0.0,0.0,0.0,0.0,0.0,0.0,0.0,0.0,0.0,0.0,0.0,0.0,0.0,0.0,0.0,0.0,0.0,0.0,0.0,0.0,0.0,0.0,0.0,0.0,0.0,0.4938293089045749,0.0,0.0,0.0,0.0,0.0,0.0,0.0,0.0,0.0,0.0,0.0,0.0,0.0,0.8588858724412829,0.0,0.0,0.0,0.0,0.0,0.0,0.0,0.0,0.0
0.0,0.0,0.0,0.0,0.0,0.0,0.0,0.0,0.0,0.0,0.0,0.0,0.0,0.0,0.0,0.0,0.0,0.0,0.0,0.0,0.0,0.0,0.0,0.0,0.0,0.0,0.9168045013579851,0.0,0.0,0.41526014773943964,0.0,0.7500236048132178,0.0,0.0,0.0,0.5755601207385476,0.0,0.0,0.0,0.0,0.0,0.0,0.0,0.0,0.6728058375656145,0.0,0.0,0.0,0.0,0.0,0.0,0.8379209999732989,0.0,0.0,0.0,0.0,0.0,0.0,0.0,0.0
0.0,0.0,0.7076592695523334,0.0,0.0,0.0,0.0,0.0,0.0,0.0,0.0,0.0,0.0,0.0,0.0,0.0,0.0,0.0,0.0,0.0,0.0,0.0,0.0,0.0,0.0,0.0,0.0,0.0,0.0,0.0,0.0,0.0,0.0,0.0,0.0,0.0,0.0,0.0,0.0,0.0,0.0,0.0,0.0,0.6666283309296988,0.0,0.0,0.0,0.0,0.0,0.0,0.0,0.0,0.0,0.0,0.0,0.0,0.0,0.0,0.0,0.0
0.5496730513475825,0.0,0.0,0.0,0.0,0.0,0.0,0.0,0.0,0.0,0.0,0.0,0.3973366484792158,0.0,0.0,0.0,0.0,0.0,0.0,0.0,0.0,0.0,0.0,0.0,0.0,0.0,0.0,0.0,0.0,0.0,0.0,0.0,0.0,0.0,0.0,0.0,0.0,0.0,0.0,0.0,0.0,0.0,0.0,0.0,0.0,0.0,0.0,0.0,0.0,0.0,0.0,0.0,0.0,0.0,0.0,0.0,0.0,0.0,0.0,0.0
0.0,0.0,0.0,0.0,0.0,0.0,0.0,0.7597068542111545,0.0,0.0,0.0,0.0,0.0,0.0,0.0,0.0,0.0,0.0,0.0,0.0,0.0,0.0,0.0,0.0,0.0,0.0,0.0,0.0,0.0,0.0,0.0,0.0,0.0,0.0,0.0,0.0,0.0,0.0,0.0,0.0,0.0,0.0,0.0,0.0,0.0,0.0,0.0,0.0,0.0,0.0,0.0,0.0,0.770908335386792,0.0,0.0,0.0,0.0,0.0,0.0,0.0
0.0,0.0,0.0,0.0,0.0,0.0,0.0,0.0,0.0,0.0,0.0,0.0,0.0,0.0,0.0,0.0,0.0,0.5780031298104262,0.0,0.0,0.0,0.0,0.0,0.0,0.0,0.0,0.0,0.0,0.0,0.0,0.0,0.0,0.0,0.0,0.0,0.0,0.0,0.0,0.0,0.0,0.0,0.0,0.0,0.0,0.0,0.0,0.0,0.0,0.0,0.5637946761607945,0.0,0.0,0.0,0.0,0.0,0.0,0.0,0.0,0.0,0.0
0.8868878402531492,0.0,0.0,0.0,0.0,0.0,0.0,0.0,0.0,0.0,0.0,0.0,0.0,0.0,0.0,0.0,0.0,0.0,0.0,0.0,0.0,0.0,0.0,0.0,0.0,0.0,0.0,0.0,0.0,0.0,0.0,0.0,0.0,0.0,0.0,0.0,0.0,0.0,0.0,0.0,0.0,0.0,0.0,0.0,0.0,0.0,0.0,0.0,0.0,0.7757789382201883,0.0,0.0,0.0,0.0,0.0,0.0,0.0,0.0,0.0,0.0
0.0,0.0,0.0,0.0,0.7894700396925909,0.0,0.0,0.0,0.0,0.0,0.0,0.0,0.0,0.0,0.0,0.0,0.0,0.0,0.0,0.4256292225583038,0.7091258916184761,0.0,0.0,0.7034721461186604,0.0,0.0,0.0,0.0,0.0,0.0,0.0,0.0,0.0,0.0,0.0,0.0,0.0,0.0,0.7792648743831905,0.0,0.0,0.0,0.0,0.0,0.0,0.0,0.0,0.0,0.0,0.0,0.0,0.0,0.0,0.0,0.0,0.6258503455217097,0.0,0.0,0.0,0.0
0.0,0.0,0.0,0.0,0.0,0.0,0.0,0.0,0.0,0.0,0.0,0.0,0.0,0.0,0.0,0.0,0.8194201803116343,0.0,0.0,0.0,0.0,0.0,0.0,0.0,0.0,0.0,0.46794877219791464,0.0,0.0,0.0,0.0,0.0,0.0,0.0,0.0,0.0,0.0,0.0,0.0,0.5175310026791495,0.0,0.0,0.0,0.0,0.0,0.0,0.8313314088102767,0.0,0.6871494936537423,0.0,0.0,0.0,0.0,0.0,0.12675342877804985,0.0,0.0,0.0,0.0,0.0
0.0,0.0,0.0,0.4891553131559533,0.0,0.32074160052737266,0.8587368157554219,0.0,0.0,0.7255493592812863,0.0,0.0,0.4283384876224955,0.0,0.0,0.0,0.8681253294930474,0.0,0.4316538785630534,0.0,0.7442809098380541,0.0,0.0,0.0,0.0,0.6337719747410013,0.8699173685909856,0.0,0.2954898992133048,0.48821811792356107,0.0,0.7127924127907164,0.0,0.0,0.0,0.0,0.4136628687555429,0.0,0.5190883612149407,0.0,0.0,0.0,0.0,0.0,0.0,0.7681430007971187,0.0,0.0,0.0,0.7359452415608956,0.0,0.6208820793600696,0.0,0.0,0.0,0.0,0.671463253398386,0.0,0.937337503218586,0.0
0.0,0.0,0.0,0.0,0.3475606267146649,0.0,0.49014189501105543,0.0,0.0,0.0,0.5406102876018444,0.0,0.0,0.0,0.0,0.0,0.0,0.3203540321974947,0.0,0.0,0.0,0.0,0.6168654916627911,0.0,0.0,0.0,0.0,0.0,0.0,0.6232763681135706,0.0,0.0,0.0,0.0,0.0,0.0,0.0,0.0,0.0,0.0,0.0,0.0,0.0,0.0,0.0,0.0,0.0,0.0,0.6871494936537423,0.0,0.0,0.8828232200888563,0.0,0.0,0.0,0.0,0.0,0.0,0.0,0.0
0.0,0.0,0.0,0.0,0.0,0.0,0.6258940160557204,0.0,0.0,0.0,0.0,0.0,0.0,0.0,0.0,0.0,0.0,0.0,0.0,0.0,0.0,0.0,0.0,0.0,0.0,0.0,0.5451137603814624,0.0,0.0,0.0,0.0,0.5024944202831272,0.0,0.0,0.0,0.0,0.0,0.0,0.4180000037104221,0.818957647563376,0.0,0.0,0.0,0.0,0.0,0.0,0.0,0.0,0.0,0.0,0.0,0.0,0.0,0.0,0.0,0.6258503455217097,0.0,0.0,0.0,0.0
0.0,0.0,0.0,0.0,0.0,0.0,0.0,0.0,0.0,0.0,0.0,0.3454613268873269,0.0,0.0,0.0,0.0,0.0,0.0,0.8859065569262612,0.0,0.0,0.3797056070602841,0.0,0.0,0.0,0.0,0.0,0.0,0.0,0.0,0.0,0.0,0.5332123085268392,0.0,0.0,0.0,0.0,0.0,0.0,0.0,0.0,0.0,0.6570649289220427,0.0,0.0,0.4580058412866751,0.0,0.0,0.0,0.0,0.0,0.0,0.0,0.6480518457545441,0.0,0.0,0.0,0.0,0.0,0.5437151269270697
0.0,0.0,0.0,0.5427935849933776,0.0,0.0,0.0,0.6717610688643114,0.0,0.0,0.35272796125373995,0.0,0.0,0.0,0.0,0.0,0.0,0.0,0.0,0.0,0.0,0.0,0.0,0.0,0.0,0.0,0.0,0.0,0.0,0.0,0.0,0.0,0.0,0.0,0.0,0.0,0.5923129036576944,0.0,0.0,0.0,0.0,0.0,0.0,0.0,0.0,0.4580058412866751,0.0,0.0,0.6871494936537423,0.0,0.0,0.0,0.0,0.0,0.5670560938769231,0.0,0.6365944329919713,0.0,0.0,0.0
0.0,0.0,0.0,0.0,0.0,0.0,0.0,0.0,0.0,0.7886310197567119,0.0,0.0,0.0,0.0,0.0,0.0,0.8877098789800157,0.0,0.507032137201196,0.5878085517881546,0.0,0.0,0.0,0.0,0.0,0.0,0.0,0.0,0.0,0.0,0.0,0.0,0.0,0.0,0.0,0.0,0.0,0.0,0.0,0.0,0.0,0.0,0.0,0.0,0.0,0.5062817928419442,0.0,0.0,0.0,0.0,0.7548739038712071,0.0,0.0,0.0,0.0,0.0,0.0,0.0,0.0,0.0
0.0,0.0,0.0,0.0,0.0,0.0,0.0,0.0,0.0,0.0,0.0,0.0,0.0,0.0,0.0,0.0,0.0,0.0,0.0,0.0,0.0,0.0,0.0,0.0,0.0,0.0,0.7488456470500533,0.0,0.0,0.0,0.0,0.0,0.0,0.0,0.0,0.0,0.0,0.0,0.0,0.0,0.0,0.0,0.0,0.0,0.0,0.0,0.0,0.0,0.0,0.8986339083042748,0.0,0.0,0.0,0.0,0.0,0.0,0.0,0.0,0.0,0.0
0.0,0.0,0.0,0.0,0.0,0.0,0.0,0.0,0.6945702488356728,0.0,0.0,0.0,0.0,0.0,0.0,0.0,0.0,0.5900227342281086,0.5561726842029893,0.0,0.0,0.0,0.49325346426562044,0.0,0.0,0.0,0.0,0.0,0.0,0.0,0.0,0.0,0.0,0.0,0.0,0.0,0.0,0.0,0.0,0.8490816996657239,0.0,0.0,0.0,0.0,0.0,0.0,0.0,0.0,0.0,0.0,0.0,0.0,0.0,0.0,0.0,0.0,0.0,0.6231536698536764,0.0,0.0
0.603508336383471,0.6968629170902285,0.0,0.0,0.7894700396925909,0.6145028836088593,0.0,0.0,0.0,0.0,0.0,0.0,0.0,0.0,0.705120795366462,0.0,0.0,0.0,0.0,0.0,0.0,0.0,0.0,0.0,0.0,0.0,0.0,0.0,0.0,0.0,0.0,0.0,0.0,0.40927945440457003,0.0,0.0,0.0,0.0,0.0,0.0,0.0,0.0,0.0,0.0,0.0,0.0,0.0,0.0,0.0,0.0,0.7173107766527739,0.6897265685727259,0.0,0.0,0.0,0.0,0.0,0.0,0.0,0.0
0.8490219860953354,0.0,0.0,0.0,0.0,0.8932668127801136,0.0,0.5849587923026189,0.0,0.0,0.0,0.0,0.7053868897456603,0.0,0.0,0.0,0.8194201803116343,0.5780031298104262,0.0,0.0,0.0,0.0,0.0,0.0,0.0,0.0,0.0,0.0,0.0,0.3352288402602728,0.0,0.6958812762249285,0.0,0.0,0.0,0.0,0.0,0.0,0.0,0.0,0.6587240450411961,0.7402312958548407,0.0,0.7151550075238842,0.0,0.7105908293101877,0.0,0.0,0.0,0.0,0.9004349609719462,0.0,0.0,0.0,0.0,0.0,0.0,0.0,0.6743108667807302,0.0
0.0,0.0,0.0,0.4605907916277363,0.0,0.3431956354787863,0.0,0.0,0.0,0.0,0.4989621692354359,0.0,0.0,0.0,0.0,0.0,0.0,0.0,0.0,0.0,0.0,0.0,0.0,0.0,0.0,0.0,0.0,0.0,0.0,0.0,0.0,0.0,0.0,0.0,0.0,0.5102543630694362,0.0,0.0,0.0,0.0,0.0,0.0,0.6960336580725484,0.0,0.0,0.0,0.0,0.3148929320427283,0.0,0.0,0.0,0.0,0.0,0.0,0.0,0.0,0.0,0.0,0.0,0.0
0.0,0.0,0.0,0.0,0.570671612647103,0.0,0.0,0.0,0.0,0.0,0.0,0.0,0.0,0.0,0.0,0.0,0.7043804324451488,0.0,0.0,0.0,0.0,0.0,0.0,0.0,0.0,0.0,0.0,0.0,0.0,0.0,0.5923164827921465,0.0,0.0,0.0,0.0,0.0,0.0,0.0,0.0,0.0,0.0,0.0,0.0,0.5770776309282264,0.4642239087723875,0.0,0.0,0.0,0.0,0.0,0.0,0.7908818569555844,0.0,0.0,0.5670560938769231,0.0,0.0,0.0,0.0,0.4539268497763509
0.0,0.0,0.8116835039655969,0.0,0.0,0.0,0.0,0.6288655285302922,0.7055298536291037,0.6604073702346995,0.0,0.0,0.7053868897456603,0.9346006269891494,0.0,0.0,0.0,0.0,0.0,0.0,0.0,0.4952573587337298,0.0,0.0,0.0,0.0,0.0,0.9456219144286054,0.0,0.5396515506470104,0.0,0.0,0.0,0.0,0.6949265421617374,0.39184641011293564,0.44663866368888727,0.0,0.7330243375906123,0.0,0.6587240450411961,0.0,0.0,0.0,0.0,0.8380051484749125,0.0,0.5520844885081672,0.0,0.0,0.0,0.6740098126482097,0.0,0.0,0.0,0.6258503455217097,0.0,0.0,0.6479679155206437,0.7030220792799908
0.0,0.6968629170902285,0.0,0.0,0.0,0.0,0.0,0.0,0.0,0.0,0.0,0.0,0.0,0.8148593021774727,0.0,0.0,0.0,0.0,0.0,0.0,0.6186966390480495,0.2895317502432282,0.9175860965686323,0.0,0.0,0.6337719747410013,0.0,0.0,0.0,0.5224235085577411,0.0,0.0,0.4688604222154432,0.0,0.0,0.0,0.0,0.0,0.0,0.7122912351425721,0.0,0.5670106471825719,0.0,0.0,0.0,0.0,0.0,0.5424284814752892,0.703562081843247,0.0,0.8588858724412829,0.0,0.0,0.6310386243477283,0.0,0.0,0.0,0.0,0.0,0.0
0.0,0.0,0.0,0.0,0.0,0.0,0.9933132386701524,0.0,0.8365598975046298,0.7886310197567119,0.6380070334146533,0.0,0.0,0.0,0.7412457820144607,0.6949637646814061,0.0,0.0,0.0,0.0,0.0,0.60659799960797,0.0,0.0,0.0,0.0,0.0,0.0,0.0,0.0,0.0,0.0,0.0,0.0,0.6949265421617374,0.5878704222061661,0.7063867024060042,0.0,0.7378473809379952,0.0,0.0,0.5612287380117691,0.0,0.0,0.0,0.0,0.0,0.41636629172486084,0.0,0.0,0.0,0.0,0.0,0.0,0.41471410904508177,0.0,0.0,0.0,0.0,0.0
0.0,0.0,0.5811168388695062,0.0,0.6334991620923094,0.0,0.0,0.0,0.0,0.0,0.0,0.623729983389719,0.0,0.0,0.0,0.0,0.0,0.0,0.0,0.0,0.0,0.0,0.6947002317046324,0.7593160409842961,0.0,0.0,0.0,0.0,0.0,0.0,0.0,0.0,0.0,0.0,0.0,0.0,0.0,0.0,0.0,0.6576205808985983,0.0,0.0,0.0,0.0,0.0,0.41369149069848477,0.0,0.0,0.0,0.0,0.6998553631941058,0.0,0.0,0.0,0.0,0.0,0.0,0.0,0.0,0.0
0.0,0.0,0.0,0.0,0.0,0.0,0.0,0.0,0.0,0.0,0.0,0.0,0.0,0.0,0.0,0.0,0.0,0.0,0.0,0.0,0.0,0.0,0.0,0.0,0.0,0.0,0.0,0.0,0.7061727001953708,0.0,0.0,0.0,0.5226209588693249,0.0,0.0,0.0,0.0,0.0,0.0,0.0,0.0,0.0,0.0,0.0,0.0,0.0,0.0,0.0,0.0,0.0,0.0,0.0,0.0,0.0,0.0,0.0,0.0,0.0,0.0,0.0
0.0,0.0,0.0,0.0,0.0,0.0,0.0,0.0,0.0,0.0,0.0,0.623729983389719,0.0,0.6619510716032184,0.0,0.0,0.0,0.0,0.0,0.0,0.0,0.0,0.0,0.0,0.0,0.0,0.7296696298864915,0.7927393520457635,0.0,0.0,0.0,0.0,0.0,0.0,0.0,0.0,0.0,0.0,0.0,0.0,0.0,0.7127366707239772,0.0,0.0,0.0,0.0,0.0,0.0,0.0,0.639826548098928,0.0,0.0,0.0,0.0,0.0,0.0,0.0,0.0,0.0,0.0
0.8868878402531492,0.0,0.0,0.0,0.0,0.0,0.0,0.0,0.0,0.0,0.0,0.0,0.0,0.6619510716032184,0.0,0.6886274014261059,0.0,0.0,0.0,0.0,0.0,0.0,0.0,0.0,0.0,0.0,0.0,0.0,0.0,0.0,0.0,0.0,0.0,0.0,0.0,0.0,0.40519647657736624,0.0,0.0,0.0,0.0,0.0,0.0,0.0,0.0,0.0,0.0,0.0,0.0,0.0,0.7765873839805418,0.0,0.0,0.0,0.0,0.0,0.0,0.0,0.0,0.6562037152685036
0.0,0.0,0.0,0.0,0.7072934305264731,0.0,0.5640588195902085,0.0,0.0,0.6613603008962364,0.0,0.623729983389719,0.0,0.8805132727445748,0.5962101354978161,0.0,0.0,0.0,0.0,0.7548506373228322,0.0,0.0,0.0,0.0,0.0,0.0,0.0,0.0,0.0,0.0,0.0,0.0,0.43245330492623135,0.5193241871994831,0.0,0.0,0.0,0.0,0.0,0.0,0.0,0.0,0.0,0.0,0.29081456580887044,0.47441239367672006,0.5015533191464446,0.0,0.0,0.0,0.0,0.0,0.7215812341009511,0.0,0.0,0.0,0.6423180269183626,0.0,0.0,0.0
0.5387036086390908,0.0,0.0,0.0,0.24126609683436406,0.0,0.0,0.6028340448715432,0.0,0.0,0.0,0.0,0.0,0.0,0.0,0.0,0.0,0.0,0.0,0.3836382636965705,0.0,0.0,0.0,0.0,0.0,0.0,0.0,0.0,0.0,0.0,0.0,0.0,0.0,0.0,0.0,0.0,0.0,0.0,0.7194220327946818,0.0,0.0,0.0,0.0,0.0,0.0,0.2677143099031396,0.0,0.0,0.0,0.0,0.0,0.0,0.0,0.0,0.0,0.0,0.0,0.0,0.0,0.0
0.0,0.5662859133427249,0.0,0.0,0.0,0.0,0.0,0.32010353428856486,0.8175518350426542,0.0,0.0,0.0,0.0,0.0,0.0,0.6949637646814061,0.7125820616616236,0.0,0.0,0.0,0.0,0.3960421091562337,0.7228862120377356,0.0,0.0,0.0,0.0,0.0,0.7476797315126655,0.0,0.0,0.0,0.0,0.0,0.0,0.0,0.3645543048568354,0.0,0.41581167050433865,0.0,0.0,0.0,0.0,0.0,0.0,0.0,0.0,0.8608177649087003,0.0,0.0,0.0,0.0,0.0,0.6899475903605703,0.5670560938769231,0.0,0.0,0.6713864831519434,0.0,0.0
0.8189078668671742,0.6968629170902285,0.0,0.0,0.0,0.3846886749409819,0.0,0.0,0.0,0.0,0.0,0.623729983389719,0.0,0.0,0.0,0.0,0.7497819525320312,0.6232790932929206,0.0,0.0,0.0,0.708049891098583,0.0,0.0,0.0,0.0,0.603866826692975,0.5494925348116748,0.0,0.0,0.0,0.7820279792050784,0.0,0.0,0.0,0.0,0.31167505386192806,0.0,0.0,0.6163026366728418,0.0,0.4828155264770071,0.0,0.0,0.0,0.3645807147407588,0.0,0.5749961112707436,0.0,0.6003440036051831,0.7001447065722237,0.5598518456810881,0.0,0.7905542951579496,0.0,0.0,0.0,0.0,0.7632017493790985,0.0
0.8189078668671742,0.0,0.0,0.5194146339339991,0.0,0.0,0.0,0.5553194450922108,0.0,0.0,0.0,0.0,0.0,0.0,0.0,0.0,0.0,0.0,0.0,0.0,0.0,0.0,0.0,0.0,0.0,0.0,0.0,0.0,0.0,0.0,0.0,0.0,0.0,0.0,0.0,0.0,0.0,0.43407119252119475,0.0,0.0,0.0,0.0,0.0,0.0,0.0,0.0,0.0,0.0,0.6871494936537423,0.0,0.0,0.0,0.0,0.0,0.0,0.1397604775100274,0.0,0.7392571315352077,0.7429525112024642,0.0
0.0,0.6968629170902285,0.0,0.0,0.0,0.0,0.0,0.5442140898260464,0.5491260343551616,0.5580462080817583,0.0,0.0,0.0,0.6454257172188208,0.76135016169017,0.0,0.0,0.0,0.34960218807838805,0.0,0.0,0.4659261604538665,0.0,0.0,0.0,0.6621790911072765,0.0,0.0,0.8165183445422389,0.0,0.0,0.0,0.0,0.0,0.0,0.0,0.0,0.0,0.0,0.7122912351425721,0.0,0.0,0.5970167037894047,0.0,0.0,0.4864265699246457,0.0,0.0,0.0,0.0,0.0,0.0,0.6798703531454007,0.0,0.0,0.0,0.0,0.0,0.0,0.0
0.8490219860953354,0.0,0.0,0.0,0.49569566312886093,0.0,0.0,0.0,0.5170017257833079,0.0,0.44415731349352094,0.0,0.808174858963337,0.8148593021774727,0.0,0.0,0.0,0.0,0.0,0.2516029061914914,0.5367422456917246,0.37932708606903975,0.7053950925751664,0.0,0.6254402054092343,0.0,0.0,0.0,0.0,0.0,0.0,0.0,0.7209108584863203,0.0,0.0,0.0,0.0,0.0,0.0,0.49723133214589954,0.0,0.0,0.0,0.5540590507014618,0.5071065225945255,0.0,0.0,0.44378808484084964,0.0,0.0,0.0,0.5801552641158217,0.0,0.5350994765294228,0.0,0.0,0.0,0.771936069171927,0.0,0.3902425772449999
0.0,0.6968629170902285,0.0,0.0,0.0,0.0,0.0,0.6288655285302922,0.8175518350426542,0.0,0.0,0.0,0.0,0.0,0.0,0.0,0.0,0.0,0.0,0.0,0.0,0.5701568496387889,0.7053950925751664,0.0,0.6254402054092343,0.6337719747410013,0.7117665720189512,0.0,0.0,0.0,0.0,0.0,0.6651728041374816,0.5193241871994831,0.0,0.0,0.0,0.0,0.38459444617303895,0.0,0.6587240450411961,0.0,0.0,0.8626561604538394,0.0,0.0,0.0,0.0,0.6871494936537423,0.0,0.0,0.0,0.0,0.0,0.0,0.0,0.0,0.0,0.0,0.0
0.0,0.6968629170902285,0.0,0.0,0.0,0.0,0.0,0.0,0.0,0.0,0.0,0.623729983389719,0.0,0.7639429687346981,0.5793412959116286,0.9447994125272148,0.0,0.5780031298104262,0.0,0.4083090248947331,0.515636761379699,0.30374923058394343,0.0,0.0,0.6254402054092343,0.0,0.7296696298864915,0.0,0.0,0.0,0.0,0.806320362842601,0.0,0.0,0.6949265421617374,0.0,0.5062478035735136,0.0,0.0,0.7221085344523636,0.0,0.0,0.5024013032822096,0.0,0.0,0.0,0.0,0.5648314182239143,0.0,0.0,0.0,0.0,0.0,0.0,0.41471410904508177,0.0,0.0,0.771936069171927,0.37236428678501676,0.0
0.0,0.6968629170902285,0.0,0.0,0.0,0.0,0.0,0.0,0.0,0.0,0.0,0.0,0.0,0.0,0.0,0.0,0.0,0.5780031298104262,0.0,0.0,0.6470017748957559,0.0,0.6888857902975263,0.0,0.0,0.0,0.0,0.0,0.0,0.0,0.0,0.0,0.0,0.0,0.0,0.0,0.0,0.0,0.0,0.6091338677043165,0.06537134509637654,0.0,0.8200123975803989,0.0,0.4872193645730555,0.0,0.0,0.0,0.0,0.0,0.0,0.0,0.0,0.0,0.0,0.0,0.0,0.0,0.0,0.0
0.0,0.0,0.0,0.0,0.0,0.40956962582715595,0.0,0.0,0.0,0.0,0.0,0.0,0.0,0.0,0.0,0.0,0.0,0.0,0.0,0.0,0.0,0.0,0.0,0.0,0.0,0.0,0.0,0.0,0.0,0.0,0.32456987763132294,0.0,0.0,0.0,0.0,0.0,0.0,0.0,0.0,0.0,0.0,0.0,0.0,0.0,0.0,0.0,0.0,0.0,0.0,0.0,0.0,0.0,0.0,0.0,0.0,0.0,0.0,0.0,0.0,0.0
0.0,0.0,0.0,0.0,0.0,0.0,0.0,0.0,0.0,0.0,0.0,0.0,0.0,0.0,0.0,0.0,0.0,0.0,0.0,0.0,0.0,0.0,0.0,0.0,0.0,0.0,0.0,0.0,0.0,0.0,0.0,0.0,0.0,0.0,0.0,0.0,0.3804911368866627,0.0,0.0,0.0,0.6587240450411961,0.0,0.0,0.0,0.0,0.0,0.0,0.0,0.0,0.0,0.0,0.0,0.0,0.0,0.0,0.0,0.0,0.0,0.0,0.0
0.0,0.0,0.0,0.0,0.0,0.0,0.0,0.0,0.0,0.0,0.0,0.637261629545617,0.0,0.0,0.0,0.0,0.0,0.5780031298104262,0.0,0.0,0.0,0.0,0.0,0.0,0.0,0.0,0.0,0.6298067750355363,0.0,0.2733093469857356,0.0,0.0,0.3738137249275123,0.0,0.0,0.2650515588781235,0.0,0.44347094876761606,0.2849643335336822,0.0,0.6587240450411961,0.8677888822630438,0.0,0.0,0.0,0.4649838021885364,0.0,0.0,0.0,0.0,0.0,0.0,0.8063069200907026,0.0,0.0,0.0,0.0,0.8903954538134846,0.5686377259227237,0.0
0.6953783318892153,0.0,0.7441424171952777,0.0,0.0,0.3824305923589517,0.0,0.0,0.0,0.0,0.0,0.0,0.0,0.6598192803673499,0.6886260362115868,0.0,0.0,0.9101036238227811,0.47748941278437196,0.3071088036199179,0.0,0.0,0.0,0.0,0.0,0.0,0.0,0.0,0.5063751243205823,0.759003516253249,0.0,0.6500168601909826,0.0,0.0,0.0,0.8003733762933318,0.0,0.0,0.0,0.0,0.5600787313996327,0.5846444651304804,0.0,0.5429843216460933,0.0,0.3026892142518982,0.0,0.5764770436387068,0.0,0.0,0.0,0.0,0.0,0.0,0.5670560938769231,0.0,0.0,0.9551317869226779,0.6776235298554177,0.0
0.0,0.0,0.8404283775896373,0.0,0.0,0.0,0.0,0.0,0.0,0.0,0.0,0.623729983389719,0.0,0.0,0.0,0.0,0.0,0.0,0.0,0.47075694617593555,0.0,0.0,0.0,0.0,0.0,0.0,0.0,0.0,0.0,0.0,0.0,0.0,0.0,0.5193241871994831,0.0,0.0,0.0,0.0,0.0,0.0,0.0,0.0,0.0,0.0,0.0,0.0,0.0,0.0,0.0,0.0,0.0,0.0,0.0,0.0,0.0,0.6258503455217097,0.0,0.0,0.0,0.3204382922759553
0.0,0.6968629170902285,0.0,0.0,0.0,0.424333453070169,0.776493205421138,0.0,0.7618557850719503,0.0,0.0,0.8039875651901166,0.0,0.0,0.0,0.0,0.0,0.0,0.0,0.0,0.7091258916184761,0.0,0.6168654916627911,0.7810736011179258,0.0,0.0,0.5676558188268361,0.0,0.0,0.0,0.0,0.6500168601909826,0.0,0.5193241871994831,0.0,0.0,0.0,0.42530406723695824,0.0,0.0,0.0,0.8196663637954785,0.0,0.0,0.0,0.0,0.0,0.0,0.0,0.0,0.7355889620370248,0.0,0.0,0.0,0.0,0.0,0.0,0.0,0.0,0.0
0.0,0.0,0.0,0.0,0.0,0.0,0.0,0.0,0.0,0.0,0.0,0.0,0.567799948248805,0.0,0.0,0.0,0.0,0.0,0.0,0.0,0.0,0.404378363461794,0.0,0.0,0.0,0.0,0.0,0.0,0.0,0.41001753824516274,0.32456987763132294,0.0,0.0,0.16996942044972674,0.0,0.0,0.0,0.0,0.0,0.0,0.0,0.0,0.0,0.0,0.0,0.0,0.0,0.0,0.0,0.5760602454896051,0.7352608774598243,0.8724476489842097,0.0,0.8455088893276275,0.5670560938769231,0.32917063566524163,0.7135325391385143,0.0,0.7429525112024642,0.7587617663072869
0.0,0.6968629170902285,0.0,0.3827785696552718,0.0,0.0,0.0,0.0,0.0,0.0,0.6380070334146533,0.0,0.0,0.0,0.0,0.0,0.0,0.5780031298104262,0.4680062841043886,0.0,0.0,0.3878193616975045,0.7115421200223416,0.7034721461186604,0.0,0.6337719747410013,0.7296696298864915,0.0,0.5457594446656272,0.0,0.571287800736865,0.6291741623761611,0.5079540152697541,0.0,0.6299592112717763,0.0,0.37247212693301057,0.0,0.0,0.0,0.0,0.0,0.0,0.0,0.0,0.42228236301860667,0.0,0.0,0.0,0.5880231615074291,0.0,0.0,0.0,0.0,0.0,0.6258503455217097,0.6652409730381765,0.0,0.0,0.0
0.0,0.0,0.0,0.0,0.0,0.0,0.0,0.0,0.0,0.0,0.0,0.0,0.0,0.0,0.0,0.0,0.0,0.0,0.0,0.0,0.0,0.0,0.0,0.0,0.0,0.0,0.0,0.0,0.0,0.0,0.0,0.0,0.0,0.0,0.0,0.0,0.0,0.0,0.0,0.0,0.0,0.0,0.0,0.0,0.0,0.0,0.0,0.0,0.0,0.9013850140478951,0.0,0.0,0.7307733467963275,0.0,0.0,0.0,0.0,0.0,0.0,0.0
0.0,0.0,0.0,0.0,0.0,0.6859808497147273,0.0,0.7131913458647026,0.0,0.5812839217430116,0.5193349317276529,0.0,0.6168591841975908,0.0,0.0,0.0,0.0,0.8324250661650257,0.7118727472931092,0.0,0.0,0.39565335602193563,0.0,0.0,0.0,0.6773190949481116,0.0,0.0,0.0,0.0,0.5038086556549318,0.0,0.6715327277934029,0.0,0.8856767098208149,0.0,0.0,0.5420430316442194,0.0,0.0,0.0,0.6645596620161125,0.0,0.0,0.0,0.0,0.8531977304464473,0.6007861543420496,0.0,0.7359452415608956,0.0,0.4398835855374843,0.0,0.8159687437504616,0.0,0.0,0.7949058603167148,0.0,0.0,0.0
0.0,0.6968629170902285,0.0,0.0,0.0,0.0,0.0,0.4502189489561317,0.5453433525134631,0.8120554491587679,0.4813854107887632,0.0,0.0,0.0,0.0,0.0,0.0,0.0,0.0,0.3071088036199179,0.0,0.0,0.0,0.7034721461186604,0.0,0.0,0.0,0.0,0.0,0.0,0.0,0.0,0.30150823275371186,0.0,0.0,0.0,0.0,0.0,0.3282292025408283,0.7494479427827687,0.0,0.0,0.0,0.2991885633505126,0.38930860488388985,0.0,0.0,0.0,0.0,0.0,0.7173107766527739,0.0,0.0,0.0,0.0,0.0,0.0,0.0,0.0,0.7723948273768368
0.0,0.0,0.0,0.0,0.3709712758442897,0.0,0.0,0.0,0.8707225189613554,0.0,0.0,0.0,0.0,0.0,0.0,0.0,0.0,0.0,0.0,0.0,0.0,0.0,0.7693315181451847,0.0,0.0,0.0,0.7413081157162182,0.0,0.0,0.0,0.0,0.0,0.40661205683873447,0.0,0.0,0.0,0.0,0.0,0.3906757806233767,0.0,0.0,0.0,0.0,0.0,0.0,0.0,0.5293080557879986,0.0,0.0,0.0,0.0,0.0,0.0,0.0,0.0,0.0,0.0,0.0,0.937337503218586,0.0
0.0,0.0,0.0,0.0,0.0,0.0,0.0,0.0,0.0,0.0,0.0,0.0,0.0,0.0,0.0,0.0,0.0,0.0,0.0,0.0,0.0,0.0,0.0,0.0,0.0,0.0,0.0,0.0,0.0,0.0,0.0,0.0,0.0,0.0,0.0,0.0,0.0,0.0,0.0,0.0,0.0,0.0,0.0,0.0,0.0,0.0,0.0,0.0,0.0,0.6995418755539032,0.0,0.0,0.0,0.0,0.0,0.7764201173042977,0.0,0.0,0.0,0.0
0.0,0.0,0.0,0.0,0.0,0.0,0.0,0.0,0.0,0.0,0.0,0.0,0.0,0.0,0.0,0.0,0.0,0.0,0.0,0.0,0.0,0.0,0.0,0.0,0.0,0.0,0.0,0.6165381064439519,0.0,0.0,0.0,0.8882493930639378,0.0,0.0,0.0,0.0,0.0,0.0,0.0,0.0,0.0,0.0,0.0,0.0,0.0,0.0,0.0,0.0,0.0,0.0,0.0,0.0,0.0,0.0,0.0,0.0,0.0,0.0,0.0,0.0
0.0,0.0,0.0,0.0,0.0,0.0,0.0,0.0,0.0,0.0,0.0,0.8039875651901166,0.0,0.0,0.0,0.0,0.0,0.0,0.0,0.0,0.0,0.0,0.0,0.0,0.0,0.0,0.0,0.0,0.7626511383838561,0.0,0.0,0.0,0.28733545836007623,0.0,0.0,0.0,0.0,0.0,0.0,0.0,0.0,0.0,0.0,0.41593093752646126,0.4108853932118649,0.0,0.0,0.0,0.0,0.0,0.0,0.0,0.0,0.0,0.0,0.6258503455217097,0.0,0.0,0.0,0.0
0.0,0.0,0.0,0.0,0.0,0.0,0.0,0.0,0.0,0.0,0.0,0.0,0.0,0.0,0.0,0.0,0.0,0.5780031298104262,0.0,0.0,0.0,0.0,0.0,0.0,0.0,0.0,0.0,0.0,0.0,0.0,0.0,0.0,0.3738137249275123,0.0,0.0,0.0,0.0,0.0,0.0,0.0,0.0,0.0,0.0,0.0,0.0,0.0,0.0,0.0,0.0,0.0,0.0,0.0,0.0,0.0,0.0,0.0,0.0,0.0,0.0,0.0
0.0,0.4015788197557223,0.0,0.0,0.0,0.0,0.0,0.0,0.5134687398494346,0.0,0.0,0.3687941107688405,0.0,0.5690441762665369,0.0,0.0,0.6093478897040454,0.6563703178568592,0.0,0.0,0.3632957883967992,0.4947922545253791,0.0,0.0,0.0,0.0,0.0,0.0,0.0,0.8908180654975284,0.0,0.0,0.0,0.0,0.0,0.0,0.0,0.0,0.0,0.0,0.6894049623174195,0.8881062095255294,0.0,0.41788031276954607,0.0,0.0,0.0,0.0,0.0,0.0,0.7765873839805418,0.0,0.0,0.5038825776862732,0.0,0.0,0.0,0.0,0.0,0.0
0.0,0.0,0.0,0.7742517019404307,0.0,0.0,0.0,0.0,0.0,0.0,0.0,0.0,0.3621936934039177,0.0,0.0,0.0,0.0,0.0,0.0,0.0,0.0,0.5940872828889803,0.0,0.0,0.0,0.0,0.0,0.0,0.0,0.0,0.0,0.0,0.0,0.0,0.0,0.0,0.0,0.0,0.0,0.0,0.0,0.0,0.0,0.0,0.0,0.0,0.0,0.0,0.0,0.7176439916447079,0.0,0.0,0.0,0.0,0.5670560938769231,0.0,0.0,0.0,0.6900428876487599,0.0
0.0,0.0,0.0,0.0,0.0,0.0,0.0,0.0,0.0,0.0,0.0,0.0,0.0,0.0,0.0,0.517250473995737,0.0,0.0,0.0,0.0,0.0,0.0,0.0,0.0,0.0,0.0,0.0,0.0,0.0,0.0,0.0,0.0,0.0,0.0,0.0,0.0,0.0,0.0,0.0,0.0,0.0,0.0,0.0,0.0,0.0,0.5062817928419442,0.0,0.0,0.7507520096793352,0.0,0.0,0.6446556567923792,0.0,0.0,0.0,0.8000300923983211,0.0,0.0,0.0,0.3932085321997514
0.0,0.0,0.8404283775896373,0.5888580465055799,0.4132096931722208,0.5773795713102777,0.0,0.0,0.0,0.5934004990277135,0.0,0.0,0.0,0.0,0.0,0.0,0.0,0.0,0.523573000085449,0.0,0.0,0.37932708606903975,0.0,0.0,0.0,0.0,0.0,0.0,0.0,0.0,0.0,0.0,0.0,0.0,0.0,0.5529532587161341,0.0,0.0,0.0,0.0,0.0,0.9497982037498188,0.0,0.7573823372850164,0.0,0.0,0.0,0.8563744262500921,0.0,0.6130569609692741,0.0,0.0,0.0,0.0,0.0,0.6258503455217097,0.6365944329919713,0.0,0.0,0.0
0.0,0.6968629170902285,0.9260871954349226,0.0,0.0,0.418099641909472,0.0,0.0,0.7618557850719503,0.0,0.0,0.0,0.4403544735582493,0.0,0.0,0.0,0.8194201803116343,0.0,0.0,0.5205192496262456,0.0,0.0,0.0,0.7034721461186604,0.42580059188804154,0.0,0.9168045013579851,0.0,0.0,0.0,0.0,0.0,0.0,0.0,0.6949265421617374,0.6396518504383245,0.0,0.5760606353903693,0.0,0.0,0.6587240450411961,0.6798122108094302,0.0,0.0,0.0,0.0,0.0,0.3922404302974656,0.0,0.0,0.0,0.6627606224796032,0.5786723256125352,0.0,0.0,0.0,0.5664836867341978,0.0,0.7632017493790985,0.0
0.0,0.0,0.0,0.0,0.0,0.0,0.4432637184241379,0.0,0.0,0.0,0.0,0.0,0.0,0.0,0.0,0.0,0.0,0.0,0.0,0.0,0.0,0.0,0.0,0.1987065257519397,0.0,0.6337719747410013,0.0,0.0,0.0,0.0,0.0,0.0,0.0,0.0,0.0,0.0,0.0,0.0,0.7194220327946818,0.0,0.0,0.0,0.0,0.0,0.0,0.0,0.0,0.0,0.0,0.0,0.0,0.0,0.0,0.0,0.0,0.6394615638434316,0.0,0.0,0.0,0.4918702081208187
0.0,0.0,0.0,0.0,0.0,0.0,0.0,0.0,0.0,0.0,0.0,0.0,0.0,0.0,0.0,0.0,0.0,0.0,0.6885795667468503,0.0,0.0,0.0,0.0,0.0,0.0,0.0,0.0,0.0,0.0,0.0,0.0,0.0,0.0,0.0,0.0,0.0,0.4136628687555429,0.0,0.0,0.0,0.0,0.0,0.0,0.0,0.0,0.0,0.0,0.0,0.0,0.0,0.0,0.0,0.0,0.0,0.0,0.0,0.0,0.0,0.0,0.0
0.0,0.0,0.0,0.5652153338453529,0.49569566312886093,0.0,0.0,0.0,0.0,0.48553246379476234,0.0,0.0,0.0,0.0,0.0,0.3730653105327951,0.0,0.0,0.0,0.0,0.0,0.5813893621901741,0.0,0.0,0.0,0.0,0.0,0.0,0.3244746621254837,0.0,0.0,0.0,0.0,0.0,0.0,0.0,0.0,0.0,0.0,0.0,0.0,0.5126810288391644,0.0,0.0,0.0,0.0,0.0,0.0,0.13274884798064968,0.0,0.0,0.0,0.0,0.0,0.0,0.0,0.0,0.0,0.0,0.0
0.0,0.0,0.0,0.0,0.0,0.8035107464875376,0.0,0.0,0.0,0.7871076464714797,0.0,0.0,0.0,0.0,0.0,0.0,0.8066326585968631,0.0,0.4930654023963451,0.0,0.0,0.37932708606903975,0.0,0.0,0.6531642467624241,0.0,0.7614177479478126,0.0,0.3784418916058778,0.0,0.4222507898776201,0.0,0.43618198954729837,0.0,0.0,0.0,0.5802277182518831,0.34446618327837775,0.4443706310128408,0.6954079229924278,0.6587240450411961,0.0,0.0,0.0,0.6493663164086185,0.0,0.0,0.0,0.0,0.7359452415608956,0.0,0.5486349617545189,0.0,0.7282142327553127,0.0,0.0,0.0,0.0,0.6340401818465848,0.0
0.5843145892834376,0.0,0.0,0.0,0.0,0.0,0.0,0.0,0.663418163151511,0.0,0.0,0.0,0.0,0.0,0.0,0.0,0.45906648164614283,0.0,0.0,0.0,0.0,0.0,0.5382555376388308,0.0,0.0,0.0,0.0,0.0,0.0,0.0,0.3866437819643743,0.51264817446795,0.0,0.0,0.0,0.0,0.0,0.0,0.0,0.0,0.0,0.6645596620161125,0.0,0.0,0.60369706040563,0.0,0.0,0.0,0.0,0.7176439916447079,0.6682066863191151,0.0,0.0,0.6341209171368453,0.5670560938769231,0.0,0.0,0.7509755904640031,0.0,0.3204382922759553
0.0,0.0,0.0,0.0,0.0,0.0,0.0,0.0,0.8473981228939076,0.0,0.0,0.0,0.0,0.0,0.0,0.0,0.0,0.0,0.0,0.0,0.0,0.0,0.0,0.0,0.0,0.0,0.0,0.6298067750355363,0.0,0.0,0.0,0.0,0.3087035737754442,0.5193241871994831,0.0,0.0,0.0,0.7166708360680414,0.0,0.0,0.0,0.0,0.0,0.5985816773754361,0.0,0.0,0.0,0.0,0.6871494936537423,0.0,0.0,0.0,0.0,0.0,0.0,0.0,0.0,0.0,0.0,0.5977511782430931
0.0,0.6968629170902285,0.0,0.0,0.2959565810172211,0.0,0.0,0.4977458769836721,0.0,0.675464710407462,0.0,0.0,0.0,0.0,0.0,0.0,0.0,0.0,0.0,0.0,0.0,0.0,0.0,0.0,0.0,0.0,0.0,0.6493477845636648,0.0,0.0,0.0,0.0,0.0,0.0,0.0,0.0,0.0,0.0,0.0,0.0,0.0,0.0,0.8673181889811433,0.0,0.0,0.0,0.0,0.0,0.0,0.0,0.0,0.0,0.0,0.9378107462917968,0.5670560938769231,0.0,0.0,0.0,0.0,0.0
0.0,0.0,0.0,0.8552163887838402,0.0,0.0,0.0,0.0,0.0,0.0,0.0,0.0,0.0,0.0,0.0,0.0,0.0,0.0,0.0,0.0,0.0,0.0,0.0,0.0,0.0,0.0,0.0,0.0,0.0,0.0,0.0,0.0,0.27343909483729956,0.0,0.0,0.0,0.0,0.0,0.0,0.0,0.0,0.0,0.0,0.0,0.0,0.0,0.0,0.0,0.0,0.0,0.0,0.0,0.0,0.0,0.0,0.0,0.0,0.0,0.0,0.0
0.0,0.0,0.0,0.0,0.0,0.5982638014142672,0.0,0.0,0.0,0.0,0.521501209883724,0.0,0.0,0.0,0.0,0.0,0.0,0.0,0.0,0.0,0.0,0.0,0.0,0.0,0.6254402054092343,0.0,0.5562416299445232,0.0,0.0,0.0,0.4222507898776201,0.0,0.8329947638220803,0.0,0.6949265421617374,0.0,0.0,0.40815929919075133,0.0,0.0,0.6587240450411961,0.4925753458361968,0.6226466681944409,0.0,0.0,0.0,0.6558356589448493,0.0,0.0,0.6262020392587275,0.0,0.0,0.0,0.0,0.0,0.0,0.8901655512490418,0.0,0.0,0.0
0.0,0.0,0.0,0.0,0.0,0.30818497649596777,0.0,0.0,0.0,0.0,0.0,0.0,0.0,0.0,0.0,0.0,0.0,0.5780031298104262,0.0,0.0,0.0,0.0,0.0,0.0,0.0,0.0,0.0,0.0,0.0,0.0,0.7629222697026014,0.0,0.40661205683873447,0.0,0.0,0.0,0.0,0.3833352489931158,0.0,0.0,0.0,0.7708270950859488,0.0,0.0,0.0,0.0,0.0,0.0,0.0,0.0,0.0,0.0,0.0,0.0,0.0,0.0,0.0,0.0,0.0,0.0
0.6725772773349368,0.6867781792962784,0.6615669972929286,0.0,0.0,0.4355462580991383,0.0,0.0,0.0,0.5359707399409899,0.0,0.0,0.394362414695277,0.0,0.0,0.0,0.0,0.0,0.0,0.9004922617130788,0.0,0.0,0.0,0.0,0.0,0.0,0.8359223019594267,0.0,0.0,0.0,0.0,0.0,0.43245330492623135,0.39258682679039436,0.0,0.0,0.31720517831194683,0.0,0.33763756471168394,0.0,0.846602729597439,0.0,0.0,0.426533932772582,0.5841346611355294,0.0,0.0,0.38304918718345937,0.0,0.5760602454896051,0.0,0.486453120201919,0.0,0.0,0.18602237490770523,0.0,0.0,0.0,0.9220679045763602,0.0
0.7221409722225983,0.6968629170902285,0.0,0.0,0.0,0.0,0.9933132386701524,0.0,0.7230294833313533,0.0,0.44229137727908485,0.0,0.0,0.0,0.0,0.0,0.0,0.0,0.0,0.0,0.0,0.0,0.0,0.0,0.0,0.0,0.0,0.0,0.0,0.31583678469366827,0.5923164827921465,0.7215905859181092,0.41509893905964124,0.5193241871994831,0.0,0.0,0.0,0.0,0.0,0.0,0.0,0.6292173417576609,0.0,0.0,0.0,0.31718060080235333,0.0,0.7749926547088068,0.0,0.0,0.5528834637405391,0.0,0.0,0.0,0.0,0.0,0.0,0.0,0.0,0.0
0.0,0.0,0.0,0.0,0.0,0.0,0.0,0.0,0.0,0.0,0.0,0.0,0.0,0.0,0.916610880054362,0.0,0.0,0.0,0.0,0.6128284747311878,0.0,0.0,0.0,0.7034721461186604,0.6254402054092343,0.0,0.0,0.0,0.0,0.0,0.0,0.0,0.0,0.0,0.0,0.44335757537488785,0.0,0.0,0.0,0.8070656416699885,0.0,0.0,0.0,0.0,0.0,0.0,0.0,0.0,0.8663009374710884,0.0,0.0,0.0,0.0,0.0,0.0,0.0,0.0,0.0,0.6935255499998724,0.0
0.0,0.1826213185035015,0.0,0.0,0.0,0.0,0.8266658926319393,0.0,0.0,0.0,0.0,0.0,0.5604512367594873,0.0,0.0,0.0,0.0,0.0,0.6037895934638017,0.0,0.9265680377951572,0.0,0.0,0.2985221087785255,0.0,0.0,0.0,0.0,0.0,0.0,0.0,0.0,0.0,0.0,0.0,0.0,0.0,0.0,0.0,0.0,0.0,0.0,0.0,0.5112635370045719,0.0,0.723879859625135,0.0,0.0,0.0,0.0,0.0,0.0,0.0,0.0,0.0,0.0,0.0,0.0,0.0,0.0
0.0,0.0,0.0,0.0,0.0,0.0,0.0,0.0,0.0,0.0,0.0,0.0,0.0,0.0,0.0,0.0,0.0,0.0,0.4495299156607868,0.0,0.0,0.0,0.0,0.0,0.0,0.0,0.0,0.0,0.0,0.0,0.0,0.0,0.0,0.5193241871994831,0.0,0.0,0.0,0.0,0.0,0.0,0.0,0.0,0.0,0.0,0.0,0.0,0.0,0.0,0.0,0.0,0.0,0.0,0.0,0.0,0.0,0.0,0.0,0.0,0.0,0.0
0.0,0.0,0.7459588668712788,0.0,0.0,0.0,0.0,0.8668054208569307,0.7618557850719503,0.0,0.0,0.0,0.0,0.0,0.0,0.0,0.0,0.6151865926844595,0.0,0.0,0.7663169947840739,0.0,0.7053950925751664,0.0,0.0,0.26116508371971614,0.0,0.0,0.0,0.0,0.0,0.8197551716398546,0.0,0.0,0.0,0.0,0.0,0.0,0.0,0.0,0.0,0.0,0.0,0.0,0.0,0.4466083376842084,0.0,0.798435356684288,0.0,0.0,0.6684684072419977,0.6079153181386135,0.0,0.0,0.5670560938769231,0.0,0.0,0.0,0.0,0.6282529281955538
0.0,0.0,0.0,0.0,0.0,0.0,0.0,0.0,0.0,0.0,0.0,0.0,0.0,0.0,0.0,0.0,0.48290143229620397,0.0,0.2879728332095892,0.0,0.0,0.0,0.0,0.0,0.0,0.0,0.0,0.0,0.0,0.0,0.0,0.0,0.0,0.0,0.0,0.0,0.0,0.0,0.0,0.0,0.0,0.0,0.9510557763902995,0.0,0.40590911463913115,0.43100292788155325,0.0,0.0,0.0,0.7349055177004504,0.0,0.0,0.0,0.0,0.0,0.0,0.0,0.0,0.0,0.0
0.7827314120324734,0.0,0.0,0.0,0.0,0.0,0.8269240420424673,0.0,0.0,0.0,0.0,0.0,0.0,0.0,0.0,0.0,0.0,0.0,0.5030264732930139,0.0,0.0,0.5940872828889803,0.0,0.0,0.0,0.0,0.0,0.0,0.0,0.0,0.3567316657902132,0.0,0.0,0.0,0.0,0.0,0.0,0.0,0.0,0.0,0.0,0.0,0.0,0.0,0.0,0.0,0.0,0.0,0.0,0.7166714194690798,0.0,0.0,0.0,0.0,0.0,0.0,0.0,0.0,0.0,0.0
0.0,0.0,0.0,0.0,0.6598865838974288,0.0,0.0,0.0,0.0,0.0,0.0,0.0,0.0,0.0,0.0,0.0,0.0,0.0,0.0,0.0,0.0,0.0,0.0,0.0,0.0,0.0,0.0,0.0,0.0,0.0,0.557048704479865,0.0,0.0,0.0,0.0,0.0,0.0,0.0,0.0,0.0,0.0,0.0,0.0,0.0,0.0,0.0,0.0,0.0,0.0,0.0,0.0,0.0,0.0,0.0,0.0,0.0,0.0,0.0,0.0,0.0
0.0,0.0,0.0,0.0,0.0,0.0,0.6535253071621502,0.0,0.67333095172071,0.0,0.44415731349352094,0.0,0.0,0.0,0.0,0.0,0.0,0.0,0.0,0.0,0.0,0.0,0.0,0.0,0.0,0.0,0.0,0.0,0.0,0.0,0.0,0.0,0.0,0.0,0.6949265421617374,0.0,0.0,0.0,0.4443706310128408,0.0,0.0,0.0,0.0,0.0,0.0,0.0,0.0,0.0,0.0,0.0,0.0,0.0,0.0,0.0,0.0,0.0,0.8328581624261203,0.0,0.0,0.0
0.0,0.0,0.0,0.0,0.5057097369085253,0.0,0.0,0.0,0.0,0.0,0.0,0.0,0.0,0.0,0.0,0.0,0.0,0.0,0.0,0.0,0.0,0.0,0.0,0.0,0.0,0.0,0.0,0.0,0.0,0.0,0.0,0.0,0.0,0.0,0.0,0.0,0.0,0.0,0.4913508127588636,0.0,0.0,0.0,0.0,0.0,0.0,0.0,0.0,0.0,0.0,0.0,0.0,0.0,0.0,0.0,0.0,0.0,0.0,0.0,0.0,0.0
0.0,0.0,0.0,0.0,0.0,0.4601926517227508,0.0,0.0,0.0,0.0,0.0,0.623729983389719,0.0,0.0,0.0,0.0,0.0,0.0,0.0,0.0,0.0,0.0,0.0,0.0,0.0,0.8105876627173029,0.0,0.0,0.7626511383838561,0.0,0.0,0.0,0.0,0.0,0.0,0.0,0.0,0.0,0.0,0.0,0.0,0.0,0.0,0.6112370005533982,0.0,0.38661404326424686,0.0,0.0,0.0,0.0,0.0,0.0,0.0,0.0,0.0,0.0,0.5020678822695074,0.0,0.3803819010851275,0.0
0.0,0.45400740942302675,0.6615669972929286,0.0,0.0,0.0,0.0,0.7815033274553149,0.0,0.0,0.0,0.0,0.0,0.7096948536621984,0.0,0.0,0.0,0.0,0.0,0.0,0.0,0.0,0.8476584478180519,0.0,0.0,0.0,0.0,0.0,0.0,0.0,0.0,0.49254379317085717,0.9111701125136211,0.0,0.7488629563815921,0.6840082455307992,0.0,0.0,0.0,0.0,0.0,0.0,0.0,0.0,0.7410482285614965,0.0,0.0,0.6847672374815559,0.6871494936537423,0.0,0.0,0.0,0.0,0.0,0.0,0.6258503455217097,0.0,0.0,0.0,0.3740574190831719
0.0,0.0,0.0,0.0,0.0,0.0,0.0,0.0,0.0,0.0,0.0,0.0,0.0,0.0,0.0,0.0,0.6358447154321625,0.0,0.0,0.0,0.0,0.0,0.0,0.0,0.0,0.6337719747410013,0.0,0.0,0.0,0.0,0.0,0.0,0.0,0.0,0.0,0.0,0.0,0.0,0.0,0.0,0.0,0.0,0.0,0.0,0.0,0.0,0.0,0.0,0.0,0.0,0.0,0.0,0.0,0.0,0.0,0.0,0.0,0.0,0.0,0.0
0.0,0.0,0.0,0.0,0.0,0.0,0.5203702336415281,0.0,0.0,0.0,0.39913486716463564,0.623729983389719,0.0,0.0,0.5721609476979784,0.0,0.6093478897040454,0.0,0.0,0.0,0.0,0.0,0.0,0.0,0.0,0.0,0.0,0.0,0.0,0.0,0.0,0.0,0.0,0.0,0.8358958095519622,0.0,0.0,0.0,0.0,0.0,0.0,0.6292173417576609,0.0,0.0,0.0,0.0,0.0,0.7778025775014259,0.0,0.0,0.0,0.0,0.0,0.0,0.0,0.0,0.0,0.0,0.0,0.0
0.0,0.0,0.0,0.0,0.0,0.0,0.0,0.0,0.0,0.7647912540084607,0.0,0.623729983389719,0.0,0.0,0.0,0.0,0.0,0.0,0.0,0.0,0.0,0.0,0.0,0.0,0.0,0.0,0.6437395741956546,0.0,0.0,0.45403360435069084,0.0,0.0,0.0,0.0,0.0,0.0,0.0,0.0,0.0,0.8070656416699885,0.0,0.0,0.0,0.0,0.0,0.0,0.0,0.0,0.0,0.0,0.0,0.0,0.0,0.8729862341192233,0.0,0.0,0.0,0.0,0.0,0.0
0.0,0.5662859133427249,0.0,0.0,0.0,0.36864587849140895,0.0,0.597185893882922,0.0,0.0,0.3844018419920834,0.0,0.0,0.9243500032400025,0.7297292937170365,0.0,0.0,0.0,0.0,0.0,0.0,0.5940872828889803,0.0,0.7034721461186604,0.0,0.0,0.0,0.0,0.0,0.0,0.4222507898776201,0.0,0.7035362603776936,0.0,0.0,0.699751417809382,0.0,0.0,0.0,0.0,0.0,0.6499711149822851,0.0,0.0,0.0,0.0,0.0,0.0,0.0,0.0,0.8270456794507353,0.0,0.0,0.6899475903605703,0.0,0.0,0.0,0.0,0.0,0.0
0.0,0.0,0.0,0.0,0.0,0.0,0.0,0.7211796350459685,0.0,0.0,0.0,0.0,0.0,0.0,0.8697934512963805,0.6886274014261059,0.0,0.0,0.5675850531635388,0.0,0.0,0.0,0.6947002317046324,0.7034721461186604,0.0,0.0,0.0,0.0,0.0,0.6284097617290008,0.0,0.0,0.0,0.5193241871994831,0.0,0.0,0.0,0.5760606353903693,0.3282292025408283,0.0,0.6587240450411961,0.0,0.0,0.0,0.0,0.5684419715488598,0.6107046027165568,0.0,0.6871494936537423,0.9013850140478951,0.0,0.0,0.0,0.6480518457545441,0.0,0.4343039366817407,0.0,0.7136206073322455,0.5374780129519454,0.2845951393757379
0.0,0.0,0.0,0.0,0.0,0.0,0.7170782567968974,0.0,0.663418163151511,0.0,0.0,0.0,0.0,0.0,0.0,0.0,0.7604359611266387,0.0,0.0,0.0,0.0,0.0,0.0,0.0,0.0,0.0,0.0,0.6298067750355363,0.0,0.0,0.0,0.0,0.0,0.22608090669078174,0.0,0.0,0.0,0.7004593769359198,0.0,0.0,0.0,0.0,0.0,0.0,0.0,0.0,0.0,0.0,0.0,0.0,0.0,0.0,0.0,0.0,0.0,0.0,0.0,0.0,0.0,0.0
0.0,0.0,0.7076592695523334,0.0,0.0,0.0,0.0,0.0,0.0,0.0,0.0,0.0,0.0,0.0,0.0,0.0,0.0,0.5780031298104262,0.0,0.0,0.5821390818385301,0.0,0.0,0.0,0.0,0.0,0.0,0.0,0.0,0.0,0.4222507898776201,0.0,0.0,0.5193241871994831,0.0,0.2383247338219021,0.0,0.5201297934499551,0.0,0.0,0.2361081735173779,0.5612287380117691,0.5335190647247804,0.0,0.0,0.3705221751954759,0.0,0.0,0.0,0.5996562919869152,0.0,0.0,0.0,0.0,0.8343484806918221,0.0,0.0,0.0,0.7102991396235063,0.0
0.0,0.0,0.0,0.6114613351585301,0.0,0.0,0.0,0.0,0.0,0.0,0.0,0.0,0.0,0.0,0.0,0.7225961515359612,0.0,0.0,0.0,0.0,0.5821390818385301,0.0,0.0,0.0,0.0,0.0,0.0,0.0,0.0,0.0,0.0,0.0,0.0,0.0,0.6949265421617374,0.0,0.0,0.0,0.0,0.8070656416699885,0.0,0.0,0.0,0.0,0.0,0.5922717425531618,0.0,0.4907145254721966,0.0,0.0,0.0,0.0,0.0,0.0,0.5670560938769231,0.0,0.0,0.0,0.0,0.0
0.0,0.0,0.0,0.0,0.0,0.0,0.0,0.0,0.0,0.0,0.0,0.623729983389719,0.0,0.0,0.0,0.0,0.0,0.0,0.0,0.0,0.0,0.0,0.7921347828009572,0.0,0.0,0.0,0.0,0.0,0.0,0.0,0.5139898661519844,0.0,0.0,0.0,0.0,0.0,0.0,0.26534049732844445,0.0,0.0,0.0,0.0,0.0,0.0,0.0,0.0,0.0,0.0,0.0,0.0,0.6395652666616911,0.0,0.0,0.0,0.0,0.0,0.0,0.7591954247626345,0.0,0.0
0.0,0.0,0.0,0.0,0.49569566312886093,0.0,0.6838429389956352,0.5442140898260464,0.0,0.0,0.0,0.6558766578679982,0.3621936934039177,0.0,0.0,0.9166159778934875,0.0,0.0,0.0,0.0,0.0,0.4663661049816543,0.0,0.7034721461186604,0.5312730429385105,0.8105876627173029,0.0,0.0,0.0,0.0,0.0,0.0,0.3692141814285591,0.5516148563885758,0.0,0.0,0.0,0.8006897271447923,0.0,0.818957647563376,0.0,0.0,0.0,0.5654159111733592,0.6728058375656145,0.0,0.0,0.0,0.0,0.0,0.6395652666616911,0.0,0.7128014784243301,0.0,0.0,0.0,0.0,0.86588496186017,0.7281055563221626,0.0
0.0,0.0,0.0,0.7016081336175399,0.0,0.0,0.0,0.0,0.0,0.0,0.0,0.0,0.0,0.0,0.0,0.0,0.0,0.0,0.0,0.0,0.0,0.0,0.0,0.0,0.0,0.0,0.0,0.0,0.0,0.0,0.0,0.0,0.0,0.0,0.0,0.0,0.0,0.0,0.0,0.8869675560921256,0.0,0.0,0.0,0.0,0.0,0.0,0.0,0.0,0.0,0.0,0.0,0.0,0.0,0.0,0.0,0.0,0.0,0.0,0.0,0.0
0.0,0.8520402384597567,0.0,0.0,0.0,0.3664449721972721,0.0,0.0,0.0,0.0,0.0,0.0,0.0,0.0,0.8857797974319254,0.0,0.0,0.0,0.0,0.0,0.0,0.0,0.0,0.0,0.0,0.0,0.0,0.0,0.0,0.0,0.0,0.0,0.0,0.0,0.0,0.0,0.0,0.0,0.0,0.0,0.0,0.0,0.5613708433941533,0.0,0.8862283863661019,0.0,0.0,0.0,0.0,0.7004588251102466,0.0,0.0,0.8676481613095252,0.9216897406260409,0.0,0.0,0.0,0.0,0.0,0.0
0.0,0.0,0.8116835039655969,0.0,0.0,0.0,0.0,0.8057300951945996,0.8707225189613554,0.9270400507750146,0.0,0.623729983389719,0.0,0.7248220175780998,0.6789918152528007,0.0,0.7935803515198161,0.0,0.0,0.0,0.0,0.0,0.6947002317046324,0.0,0.0,0.0,0.0,0.0,0.0,0.0,0.0,0.9133293483962319,0.4503553410710177,0.23256872425697794,0.6949265421617374,0.0,0.0,0.0,0.0,0.7221085344523636,0.0,0.0,0.0,0.0,0.0,0.742624142700534,0.9080810484506807,0.0,0.0,0.0,0.0,0.6308528718117188,0.7820160345237533,0.6899475903605703,0.0,0.0,0.6965801487502394,0.0,0.0,0.0
0.0,0.8909491355603008,0.0,0.47175980281390184,0.0,0.0,0.0,0.0,0.0,0.0,0.6982734551663377,0.0,0.0,0.0,0.0,0.0,0.6093478897040454,0.0,0.0,0.3071088036199179,0.0,0.0,0.0,0.0,0.0,0.5143282656825763,0.0,0.0,0.0,0.0,0.34715556967760985,0.0,0.7593950355648439,0.5516148563885758,0.6949265421617374,0.0,0.0,0.0,0.0,0.0,0.0,0.9497982037498188,0.0,0.0,0.3941485166056462,0.0,0.0,0.0,0.0,0.6254668445308664,0.0,0.0,0.0,0.0,0.0,0.0,0.39002983176844885,0.0,0.0,0.0
0.0,0.0,0.0,0.0,0.0,0.35300075212881066,0.6257745161308728,0.0,0.0,0.0,0.0,0.0,0.44610751518572156,0.4561958790062476,0.0,0.7613519429313128,0.0,0.0,0.0,0.6257030456695893,0.6058017591702705,0.0,0.0,0.0,0.0,0.0,0.0,0.916077274772622,0.0,0.0,0.0,0.67986222005115,0.4783590783986006,0.0,0.0,0.4616220761467613,0.0,0.0,0.0,0.0,0.0,0.0,0.0,0.0,0.0,0.6308898105976549,0.0,0.3139764541686706,0.45951451390542386,0.8006888978146629,0.6395652666616911,0.0,0.0,0.0,0.0,0.0,0.5550995685913833,0.9551317869226779,0.7904132912065254,0.5977511782430931
0.0,0.0,0.0,0.42638191632131417,0.0,0.0,0.0,0.0,0.0,0.0,0.0,0.0,0.0,0.6770803846307686,0.0,0.0,0.0,0.0,0.0,0.0,0.0,0.0,0.0,0.0,0.0,0.0,0.0,0.0,0.0,0.0,0.0,0.0,0.0,0.0,0.0,0.0,0.0,0.0,0.0,0.0,0.0,0.0,0.0,0.0,0.0,0.0,0.0,0.0,0.0,0.0,0.0,0.0,0.0,0.0,0.0,0.0,0.0,0.0,0.0,0.0
0.0,0.0,0.0,0.0,0.6598865838974288,0.3824305923589517,0.0,0.0,0.0,0.0,0.0,0.0,0.0,0.0,0.7489098674286623,0.8697967160834283,0.7604359611266387,0.0,0.0,0.0,0.0,0.0,0.0,0.0,0.6254402054092343,0.0,0.0,0.0,0.0,0.0,0.4051940234017197,0.0,0.0,0.0,0.0,0.0,0.0,0.0,0.0,0.8687610323714284,0.0,0.5907570652372172,0.0,0.0,0.0,0.0,0.6706839000991205,0.3670479438101254,0.0,0.0,0.0,0.0,0.0,0.0,0.0,0.5640962995640253,0.0,0.771936069171927,0.5803889759585441,0.0
0.5387036086390908,0.0,0.0,0.0,0.5929654365868167,0.0,0.5100564187816292,0.0,0.0,0.0,0.28658490894659383,0.0,0.0,0.0,0.8358240415733533,0.0,0.849636868619057,0.6024055351871759,0.0,0.0,0.0,0.0,0.0,0.0,0.0,0.0,0.0,0.0,0.0,0.0,0.430970870871241,0.0,0.623026193099365,0.8623382297492783,0.8358958095519622,0.0,0.0,0.0,0.0,0.0,0.0,0.0,0.6570649289220427,0.0,0.43692272294902634,0.0,0.7383722230841572,0.3371488141633826,0.703562081843247,0.5306652745154412,0.5308659008307517,0.0,0.0,0.0,0.0,0.0,0.0,0.0,0.7281055563221626,0.48212367751056606
0.0,0.0,0.0,0.5091208966794449,0.0,0.3154504935756036,0.0,0.0,0.0,0.8762132713457842,0.0,0.623729983389719,0.4932486953803319,0.6598192803673499,0.0,0.0,0.0,0.0,0.0,0.0,0.7887945385963078,0.0,0.0,0.0,0.0,0.6337719747410013,0.0,0.0,0.0,0.0,0.3567316657902132,0.0,0.0,0.0,0.0,0.0,0.0,0.0,0.7735579448977479,0.0,0.0,0.0,0.0,0.0,0.608919471120255,0.0,0.0,0.0,0.0,0.7349055177004504,0.0,0.0,0.0,0.0,0.0,0.0,0.0,0.851631686183498,0.8453177822020879,0.0
0.0,0.0,0.0,0.31513672464994313,0.0,0.0,0.0,0.0,0.0,0.0,0.0,0.0,0.7053868897456603,0.0,0.0,0.0,0.5671132610932539,0.0,0.0,0.0,0.0,0.0,0.0,0.7034721461186604,0.11134654657953225,0.0,0.0,0.0,0.3339177844368455,0.48821811792356107,0.0,0.7215905859181092,0.3233237488201298,0.30074985664029896,0.0,0.0,0.0,0.0,0.0,0.672549749390517,0.6587240450411961,0.0,0.8886647538972658,0.6700555648881444,0.48322536833631335,0.6308898105976549,0.0,0.0,0.0,0.0,0.8270456794507353,0.93892301783532,0.770908335386792,0.0,0.0,0.0,0.0,0.86588496186017,0.0,0.0
0.0,0.0,0.0,0.0,0.0,0.0,0.0,0.0,0.0,0.0,0.0,0.0,0.0,0.0,0.0,0.0,0.0,0.0,0.0,0.0,0.8118717111297361,0.355977380899979,0.0,0.0,0.0,0.0,0.7051754911912961,0.0,0.0,0.7137820850790398,0.3172073153562891,0.9501181581076013,0.0,0.0,0.0,0.0,0.0,0.0,0.0,0.8869675560921256,0.0,0.0,0.0,0.0,0.0,0.0,0.0,0.0,0.0,0.0,0.0,0.6308528718117188,0.0,0.0,0.0,0.0,0.0,0.0,0.0,0.0
0.0,0.0,0.0,0.0,0.0,0.0,0.0,0.0,0.6440327724302459,0.7886310197567119,0.46986897104842085,0.0,0.0,0.0,0.0,0.0,0.0,0.0,0.0,0.0,0.0,0.0,0.0,0.0,0.0,0.0,0.0,0.0,0.4580908582709454,0.0,0.0,0.0,0.0,0.0,0.0,0.0,0.0,0.0,0.0,0.0,0.0,0.8881062095255294,0.0,0.0,0.0,0.0,0.9606184517054762,0.0,0.0,0.0,0.0,0.0,0.0,0.0,0.0,0.0,0.0,0.0,0.0,0.0
0.0,0.0,0.0,0.0,0.0,0.0,0.0,0.0,0.0,0.0,0.0,0.0,0.0,0.0,0.0,0.0,0.0,0.0,0.0,0.0,0.4122991806426901,0.0,0.0,0.0,0.0,0.0,0.0,0.0,0.0,0.0,0.0,0.0,0.36133674842618135,0.0,0.0,0.0,0.0,0.0,0.0,0.0,0.0,0.0,0.0,0.0,0.0,0.0,0.0,0.0,0.0,0.0,0.0,0.0,0.0,0.0,0.0,0.0,0.0,0.0,0.0,0.0
0.5339467419731916,0.0,0.0,0.0,0.0,0.0,0.6536543818338139,0.656866212807454,0.503298211092715,0.0,0.0,0.0,0.7053868897456603,0.6906087880857189,0.0,0.6299285269807204,0.0,0.5780031298104262,0.0,0.0,0.0,0.0,0.7836852952783959,0.0,0.27219167339462,0.0,0.0,0.0,0.0,0.0,0.0,0.7307636760194155,0.0,0.0,0.0,0.5755601207385476,0.4579748792943452,0.0,0.0,0.0,0.6587240450411961,0.0,0.0,0.5628082002842247,0.5071065225945255,0.44885785129481803,0.7199123464807382,0.0,0.0,0.0,0.0,0.0,0.0,0.568569244578905,0.0,0.0,0.7135325391385143,0.0,0.0,0.0
0.0,0.0,0.0,0.0,0.0,0.0,0.5204634662271104,0.0,0.0,0.6330165592167849,0.0,0.0,0.0,0.0,0.7412457820144607,0.0,0.6796734927005217,0.0,0.0,0.5308537434647682,0.0,0.0,0.0,0.0,0.0,0.0,0.0,0.0,0.0,0.0,0.0,0.0,0.0,0.0,0.0,0.0,0.0,0.0,0.0,0.0,0.7421836362194139,0.0,0.0,0.0,0.5385414644100068,0.0,0.0,0.0,0.0,0.4997249910842376,0.0,0.0,0.0,0.0,0.0,0.0,0.0,0.0,0.0,0.0
0.0,0.0,0.0,0.0,0.5479791330181324,0.3586015487591856,0.6536543818338139,0.0,0.0,0.0,0.40751463490035456,0.0,0.0,0.0,0.0,0.6087876473610009,0.7043804324451488,0.0,0.7411898644805819,0.0,0.0,0.0,0.8476584478180519,0.0,0.0,0.0,0.0,0.0,0.464897690053127,0.0,0.0,0.0,0.5851394799584356,0.0,0.6949265421617374,0.0,0.31897780397700726,0.0,0.47205682532959226,0.0,0.0,0.7937956830065269,0.0,0.0,0.0,0.7474971919376641,0.5980660423078514,0.38304918718345937,0.6871494936537423,0.0,0.0,0.0,0.0,0.5951944870968489,0.0,0.0,0.5504851435909746,0.0,0.0,0.0
0.0,0.0,0.0,0.0,0.0,0.0,0.0,0.0,0.0,0.0,0.0,0.0,0.0,0.0,0.7489098674286623,0.0,0.0,0.0,0.0,0.0,0.0,0.34027667459187916,0.0,0.0,0.0,0.0,0.0,0.0,0.0,0.0,0.0,0.0,0.0,0.5193241871994831,0.0,0.0,0.0,0.0,0.0,0.7931755977265091,0.0,0.528279510359424,0.0,0.0,0.0,0.0,0.0,0.0,0.0,0.0,0.0,0.6343083296678134,0.0,0.0,0.0,0.0,0.0,0.0,0.6900428876487599,0.5898830832613948
0.0,0.0,0.0,0.0,0.0,0.0,0.0,0.0,0.0,0.0,0.0,0.0,0.0,0.0,0.0,0.0,0.0,0.0,0.0,0.0,0.0,0.0,0.0,0.0,0.0,0.0,0.0,0.0,0.0,0.0,0.34136948916935683,0.0,0.0,0.0,0.0,0.0,0.0,0.0,0.0,0.0,0.0,0.0,0.0,0.0,0.0,0.0,0.0,0.0,0.0,0.0,0.0,0.0,0.0,0.0,0.0,0.0,0.4979406348523844,0.0,0.0,0.0
0.0,0.0,0.0,0.0,0.0,0.0,0.0,0.0,0.0,0.0,0.0,0.0,0.0,0.0,0.0,0.0,0.0,0.0,0.0,0.0,0.0,0.0,0.0,0.0,0.7992637558290068,0.0,0.0,0.0,0.0,0.0,0.0,0.6500168601909826,0.0,0.0,0.0,0.0,0.0,0.0,0.0,0.0,0.0,0.0,0.0,0.0,0.0,0.0,0.0,0.0,0.0,0.0,0.0,0.0,0.0,0.0,0.0,0.0,0.0,0.0,0.0,0.0
0.0,0.0,0.0,0.0,0.0,0.0,0.0,0.0,0.0,0.0,0.0,0.0,0.59601594676737,0.0,0.0,0.0,0.0,0.0,0.0,0.0,0.0,0.0,0.0,0.0,0.0,0.0,0.0,0.7490877121573956,0.0,0.0,0.0,0.0,0.0,0.0,0.0,0.0,0.0,0.0,0.0,0.0,0.0,0.0,0.0,0.0,0.0,0.0,0.0,0.0,0.0,0.0,0.0,0.0,0.0,0.0,0.0,0.0,0.0,0.0,0.0,0.0
0.7221409722225983,0.9099560720261808,0.0,0.4247067755685001,0.692879723582048,0.0,0.0,0.0,0.0,0.6613603008962364,0.0,0.0,0.0,0.0,0.0,0.0,0.0,0.0,0.0,0.0,0.0,0.0,0.0,0.0,0.8259452967487617,0.0,0.0,0.0,0.5138575495695943,0.0,0.2972951189887507,0.9133293483962319,0.0,0.0,0.0,0.45241366991813636,0.0,0.5996558791060089,0.0,0.6881929015814213,0.6587240450411961,0.0,0.0,0.0,0.6219206696090607,0.0,0.0,0.0,0.6871494936537423,0.6833375858336419,0.0,0.42230596528063,0.7938859762285677,0.0,0.5670560938769231,0.0,0.8052273277187656,0.0,0.0,0.0
0.0,0.0,0.0,0.0,0.0,0.0,0.0,0.5022643312830601,0.0,0.0,0.4989621692354359,0.0,0.4869667503306785,0.0,0.0,0.0,0.0,0.0,0.0,0.7352393344527524,0.0,0.0,0.6301459051479965,0.0,0.6390359578519259,0.0,0.0,0.0,0.39695313789928344,0.0,0.0,0.0,0.0,0.0,0.0,0.0,0.44663866368888727,0.0,0.0,0.0,0.0,0.0,0.0,0.0,0.0,0.0,0.0,0.0,0.0,0.7993134669548897,0.0,0.0,0.0,0.0,0.5670560938769231,0.6258503455217097,0.5550995685913833,0.5974914205327395,0.6776235298554177,0.0
0.0,0.6968629170902285,0.0,0.7372497270730098,0.7894700396925909,0.0,0.0,0.0,0.0,0.7661691940545738,0.0,0.0,0.7485977023448984,0.7274617861836392,0.5840117132962853,0.0,0.0,0.0,0.8696823640193717,0.5528962201244789,0.0,0.0,0.0,0.7034721461186604,0.0,0.0,0.0,0.0,0.0,0.0,0.0,0.0,0.0,0.0,0.0,0.2857526961146606,0.5139868638359449,0.0,0.0,0.7407247280895974,0.0,0.6721589109747601,0.4877544172716016,0.6819800796511035,0.0,0.43100292788155325,0.0,0.0,0.0,0.6531930154312544,0.0,0.0,0.0,0.4766764831609578,0.0,0.6258503455217097,0.0,0.0,0.0,0.0
0.0,0.0,0.0,0.0,0.0,0.0,0.0,0.0,0.0,0.0,0.0,0.0,0.0,0.0,0.0,0.0,0.0,0.0,0.0,0.8002456759442279,0.0,0.0,0.0,0.0,0.0,0.0,0.6730114818616814,0.0,0.0,0.0,0.0,0.0,0.0,0.0,0.0,0.23178830319535204,0.7474307392496472,0.0,0.0,0.0,0.0,0.0,0.6570649289220427,0.4533160599932704,0.0,0.0,0.0,0.0,0.6871494936537423,0.0,0.0,0.0,0.0,0.0,0.0,0.0,0.6565813140384276,0.0,0.0,0.0
0.9151139627653468,0.0,0.0,0.0,0.0,0.0,0.0,0.0,0.0,0.0,0.0,0.0,0.0,0.0,0.0,0.0,0.5127722003812618,0.0,0.0,0.5000982196681248,0.35549068814077367,0.0,0.6947002317046324,0.0,0.0,0.0,0.0,0.0,0.0,0.0,0.0,0.0,0.0,0.0,0.0,0.0,0.0,0.0,0.0,0.0,0.0,0.0,0.0,0.0,0.5722804890248037,0.0,0.0,0.0,0.0,0.0,0.0,0.0,0.0,0.0,0.0,0.0,0.0,0.0,0.0,0.0
0.7122599077594554,0.0,0.0,0.0,0.0,0.0,0.0,0.0,0.663418163151511,0.6459898953547901,0.0,0.0,0.6947081473961935,0.0,0.0,0.0,0.0,0.5780031298104262,0.0,0.49990179962229264,0.0,0.6322570652105615,0.0,0.0,0.0,0.6773190949481116,0.6352007277889572,0.7611631858159424,0.0,0.0,0.0,0.8341331803843163,0.4542063128701077,0.0,0.0,0.0,0.0,0.8275918074289468,0.0,0.0,0.6587240450411961,0.0,0.0,0.0,0.0,0.5570075261128751,0.7519054487779429,0.5648314182239143,0.0,0.0,0.8582720810731275,0.0,0.0,0.0,0.0,0.6258503455217097,0.0,0.0,0.0,0.6656287772477723
0.0,0.0,0.0,0.0,0.0,0.0,0.0,0.0,0.0,0.0,0.0,0.0,0.0,0.0,0.0,0.0,0.0,0.0,0.0,0.0,0.7458194599762866,0.0,0.0,0.0,0.0,0.0,0.0,0.0,0.0,0.345722302704503,0.4136603801575115,0.0,0.0,0.0,0.0,0.0,0.0,0.0,0.0,0.0,0.6587240450411961,0.0,0.0,0.0,0.0,0.0,0.0,0.0,0.0,0.0,0.0,0.0,0.5390412265774188,0.0,0.0,0.0,0.0,0.8903954538134846,0.0,0.0
0.6355903943601415,0.7205220778577415,0.0,0.0,0.0,0.0,0.7549597731451377,0.0,0.0,0.0,0.0,0.0,0.37294089970221755,0.0,0.0,0.9166159778934875,0.0,0.0,0.0,0.6836169884127443,0.0,0.4947922545253791,0.0,0.0,0.0,0.0,0.6352007277889572,0.0,0.38059260749526036,0.0,0.0,0.0,0.0,0.0,0.0,0.0,0.31720517831194683,0.0,0.4180000037104221,0.0,0.6587240450411961,0.0,0.0,0.0,0.0,0.4649838021885364,0.0,0.0,0.0,0.0,0.0,0.0,0.0,0.7240788215391636,0.0,0.0,0.0,0.0,0.0,0.0
0.0,0.0,0.0,0.2590292138530643,0.0,0.0,0.0,0.739729379466104,0.0,0.7090071378726146,0.5769620677259072,0.623729983389719,0.0,0.0,0.0,0.0,0.7043804324451488,0.0,0.3465608779330859,0.5418495989535985,0.0,0.0,0.0,0.0,0.6254402054092343,0.0,0.8699173685909856,0.6165381064439519,0.0,0.0,0.3948505554799162,0.609502627216804,0.0,0.0,0.6949265421617374,0.776727097720024,0.0,0.0,0.0,0.0,0.0,0.0,0.0,0.0,0.0,0.0,0.0,0.7537718427251054,0.0,0.0,0.9906831870609029,0.0,0.0,0.0,0.0,0.0,0.8328581624261203,0.0,0.7241859113512885,0.6809324294059016
0.0,0.7722016439149623,0.0,0.0,0.0,0.6704426806367598,0.0,0.0,0.0,0.0,0.0,0.17028867996145858,0.0,0.0,0.0,0.0,0.6796734927005217,0.0,0.0,0.0,0.0,0.619519863971257,0.0,0.7034721461186604,0.6254402054092343,0.0,0.0,0.0,0.658921589498134,0.0,0.6047711419911672,0.0,0.3503006456143294,0.0,0.06355449420555936,0.612894344018944,0.3866414029916755,0.0,0.0,0.0,0.0,0.0,0.0,0.0,0.0,0.0,0.0,0.0,0.0,0.0,0.0,0.0,0.0,0.8729862341192233,0.0,0.0,0.0,0.0,0.0,0.0
0.0,0.0,0.0,0.0,0.0,0.0,0.0,0.0,0.0,0.0,0.0,0.0,0.0,0.0,0.0,0.0,0.0,0.0,0.0,0.6684856112037089,0.0,0.0,0.0,0.0,0.0,0.709960405314885,0.0,0.0,0.0,0.0,0.0,0.0,0.0,0.0,0.0,0.0,0.0,0.0,0.0,0.0,0.0,0.0,0.0,0.0,0.0,0.0,0.0,0.41744382711620864,0.0,0.0,0.0,0.0,0.7938859762285677,0.5484831085365873,0.0,0.0,0.0,0.5331093881268889,0.0,0.0
0.0,0.0,0.0,0.8240389415899299,0.5479791330181324,0.5013939162566459,0.0,0.0,0.5959117263563531,0.0,0.36672367180095855,0.09533383251052285,0.0,0.0,0.0,0.0,0.8344979494951277,0.5780031298104262,0.38924856631161275,0.5000982196681248,0.0,0.0,0.0,0.0,0.0,0.0,0.0,0.0,0.0,0.44150139228311236,0.0,0.0,0.3503006456143294,0.540599045482666,0.0,0.4256736216291963,0.0,0.5207040738065705,0.0,0.0,0.0,0.0,0.0,0.27120876120886406,0.0,0.3026892142518982,0.0,0.8286182782061932,0.0,0.0,0.0,0.0,0.0,0.0,0.5670560938769231,0.0,0.8901655512490418,0.0,0.0,0.0
0.0,0.0,0.7889623319847268,0.0,0.0,0.0,0.0,0.0,0.0,0.0,0.5516263747082573,0.0,0.0,0.0,0.0,0.0,0.5908656348810121,0.0,0.0,0.0,0.8139684249199977,0.0,0.0,0.0,0.0,0.0,0.0,0.0,0.0,0.0,0.0,0.0,0.0,0.0,0.0,0.0,0.0,0.0,0.0,0.0,0.0,0.0,0.0,0.0,0.4872193645730555,0.0,0.0,0.0,0.0,0.0,0.0,0.0,0.0,0.0,0.0,0.0,0.0,0.832707312009018,0.0,0.0
0.6725772773349368,0.0,0.7269855364246709,0.0,0.6071605109118492,0.0,0.0,0.0,0.0,0.7090071378726146,0.0,0.0,0.0,0.0,0.0,0.0,0.0,0.0,0.5450465010052352,0.48047926896130666,0.0,0.0,0.0,0.0,0.0,0.0,0.0,0.0,0.0,0.0,0.0,0.0,0.5182228200826058,0.5193241871994831,0.9167522653605166,0.0,0.0,0.5530944340628354,0.0,0.0,0.6587240450411961,0.0,0.0,0.0,0.0,0.47678143373981385,0.6862340145045578,0.0,0.0,0.0,0.0,0.0,0.0,0.0,0.0,0.08347829482669866,0.0,0.0,0.0,0.0
0.0,0.7138320579885902,0.0,0.0,0.48587660606908845,0.0,0.0,0.0,0.0,0.0,0.7373955595525088,0.0,0.0,0.0,0.0,0.0,0.0,0.585369270856339,0.0,0.0,0.6614623404601099,0.0,0.0,0.7034721461186604,0.0,0.0,0.0,0.0,0.0,0.0,0.4051940234017197,0.5075690930185451,0.39824485786230523,0.66675949074064,0.0,0.0,0.0,0.5644261430415992,0.0,0.7302291094728959,0.6587240450411961,0.6958286332562766,0.0,0.7738658147499177,0.0,0.0,0.5326146197687329,0.8608177649087003,0.0,0.6833375858336419,0.0,0.0,0.5846892840351329,0.0,0.0,0.6258503455217097,0.0,0.0,0.0,0.0
0.0,0.6968629170902285,0.7092477045295692,0.0,0.2959565810172211,0.30617583405151183,0.8587368157554219,0.0,0.0,0.0,0.0,0.0,0.7836741237536857,0.0,0.6637764810803801,0.7833138325996342,0.8681253294930474,0.5619148010372823,0.0,0.0,0.725423502329035,0.0,0.0,0.0,0.28606375615456847,0.6337719747410013,0.0,0.0,0.0,0.6712458286526267,0.0,0.0,0.0,0.0,0.0,0.0,0.0,0.5873555826933041,0.0,0.8350040405821607,0.18542604843577493,0.0,0.0,0.0,0.0,0.0,0.0,0.6135136553964554,0.0,0.0,0.0,0.0,0.0,0.0,0.0,0.0,0.0,0.5974914205327395,0.8453177822020879,0.0
0.0,0.0,0.0,0.0,0.0,0.42675657287162494,0.0,0.0,0.0,0.0,0.0,0.0,0.0,0.0,0.0,0.0,0.0,0.0,0.0,0.0,0.0,0.0,0.0,0.0,0.0,0.0,0.7117665720189512,0.0,0.0,0.0,0.0,0.0,0.0,0.0,0.0,0.0,0.0,0.0,0.0,0.0,0.0,0.0,0.0,0.0,0.3619905800608122,0.0,0.0,0.0,0.0,0.0,0.7761991890020454,0.0,0.0,0.7472797925040752,0.0,0.0,0.9545730682036874,0.8210777919185211,0.5924789434923401,0.0
0.7702297654555814,0.0,0.0,0.0,0.4120568600511094,0.3431956354787863,0.0,0.0,0.6786165329449835,0.0,0.0,0.623729983389719,0.0,0.0,0.0,0.9166159778934875,0.0,0.22416584146468255,0.0,0.6395810909802617,0.49463651390978647,0.0,0.9433612454126575,0.7034721461186604,0.4171578599001927,0.6773190949481116,0.0,0.0,0.6896220334648746,0.0,0.0,0.0,0.0,0.0,0.0,0.6396518504383245,0.0,0.0,0.0,0.0,0.6587240450411961,0.0,0.0,0.0,0.6639286086724117,0.0,0.0,0.0,0.794757312727371,0.0,0.0,0.0,0.0,0.0,0.5670560938769231,0.0,0.0,0.6366638518606331,0.0,0.0
0.0,0.0,0.0,0.0,0.0,0.0,0.5640588195902085,0.0,0.0,0.0,0.0,0.0,0.9175567787278078,0.0,0.0,0.0,0.6722944481377875,0.0,0.0,0.0,0.0,0.0,0.0,0.7034721461186604,0.0,0.0,0.0,0.0,0.0,0.4822362457854954,0.0,0.5728136259773982,0.0,0.0,0.6949265421617374,0.0,0.0,0.0,0.0,0.0,0.0,0.0,0.0,0.0,0.0,0.0,0.0,0.0,0.0,0.0,0.0,0.0,0.0,0.0,0.0,0.0,0.0,0.0,0.0,0.5223014701768698
0.0,0.6968629170902285,0.0,0.0,0.0,0.0,0.0,0.8334443158787448,0.5718793010186229,0.6764619870724808,0.0,0.0,0.0,0.0,0.0,0.7833138325996342,0.0,0.0,0.0,0.0,0.0,0.6189030752058615,0.0,0.0,0.0,0.0,0.7924463707720182,0.0,0.0,0.0,0.45575203243101947,0.0,0.4187162922368779,0.0,0.0,0.0,0.0,0.0,0.0,0.0,0.6587240450411961,0.0,0.0,0.0,0.0,0.0,0.7729517532635983,0.4337594985918173,0.0,0.0,0.0,0.0,0.0,0.6592178163060505,0.0,0.6258503455217097,0.0,0.0,0.0,0.0
0.0,0.0,0.0,0.0,0.0,0.6976889461926419,0.0,0.0,0.0,0.0,0.0,0.0,0.6168591841975908,0.0,0.0,0.0,0.0,0.0,0.0,0.0,0.0,0.0,0.0,0.7034721461186604,0.0,0.0,0.0,0.0,0.0,0.4272179252295878,0.0,0.0,0.0,0.0,0.0,0.0,0.0,0.0,0.0,0.0,0.0,0.0,0.0,0.0,0.0,0.0,0.0,0.0,0.6871494936537423,0.0,0.0,0.0,0.0,0.0,0.0,0.6258503455217097,0.0,0.0,0.0,0.0
0.0,0.0,0.0,0.0,0.0,0.0,0.0,0.0,0.0,0.0,0.0,0.0,0.0,0.0,0.0,0.0,0.0,0.0,0.0,0.0,0.0,0.0,0.0,0.0,0.0,0.0,0.0,0.0,0.0,0.0,0.43767816136756166,0.0,0.0,0.0,0.0,0.0,0.0,0.0,0.0,0.0,0.0,0.0,0.0,0.0,0.0,0.0,0.0,0.0,0.0,0.0,0.6836350161548499,0.0,0.0,0.0,0.0,0.0,0.0,0.0,0.0,0.0
0.0,0.0,0.7269855364246709,0.3827785696552718,0.0,0.0,0.7762932437831116,0.5849587923026189,0.0,0.0,0.0,0.0,0.0,0.8805132727445748,0.848190070566211,0.0,0.0,0.0,0.0,0.0,0.0,0.35561279801073853,0.9433612454126575,0.6805141131872537,0.0,0.0,0.0,0.0,0.0,0.4726677468821976,0.3172073153562891,0.5786785053555638,0.0,0.5193241871994831,0.0,0.0,0.0,0.0,0.0,0.0,0.0,0.6499711149822851,0.0,0.0,0.34650476671123376,0.0,0.7961596057056552,0.41744382711620864,0.0,0.0,0.0,0.7627878539162563,0.0,0.0,0.0,0.0,0.0,0.628534196115917,0.0,0.4448460705397286
0.0,0.0,0.0,0.0,0.0,0.0,0.0,0.0,0.0,0.8788519673742592,0.0,0.623729983389719,0.0,0.0,0.0,0.9447994125272148,0.0,0.7952595751928702,0.0,0.0,0.0,0.0,0.0,0.0,0.0,0.524734775609561,0.0,0.0,0.0,0.7137820850790398,0.0,0.0,0.0,0.0,0.0,0.8580520831168124,0.7850377509328199,0.0,0.4511138512232875,0.0,0.0,0.0,0.0,0.6112370005533982,0.0,0.0,0.0,0.41636629172486084,0.0,0.0,0.0,0.0,0.0,0.6625574074353042,0.0,0.0,0.8901655512490418,0.0,0.0,0.3380363413334686
0.0,0.0,0.0,0.666889967012712,0.49569566312886093,0.0,0.0,0.0,0.0,0.6604073702346995,0.0,0.0,0.0,0.0,0.0,0.7225961515359612,0.0,0.0,0.0,0.0,0.0,0.0,0.7693315181451847,0.0,0.0,0.0,0.0,0.0,0.0,0.0,0.0,0.0,0.0,0.0,0.0,0.0,0.0,0.0,0.0,0.0,0.0,0.0,0.5970167037894047,0.5011379647023824,0.0,0.0,0.0,0.0,0.0,0.0,0.0,0.0,0.5336128119204502,0.0,0.0,0.0,0.0,0.0,0.0,0.0
0.0,0.0,0.0,0.3006876907109328,0.0,0.0,0.0,0.0,0.0,0.0,0.0,0.0,0.0,0.7464707551578864,0.0,0.0,0.7497819525320312,0.13865300746435294,0.0,0.0,0.8759344807238792,0.0,0.0,0.11565208663528415,0.5760837815368189,0.0,0.7296696298864915,0.0,0.0,0.7032184217672902,0.7907294817776905,0.0,0.0,0.0,0.6949265421617374,0.0,0.41160492139717864,0.3752797304918124,0.0,0.0,0.0,0.0,0.0,0.0,0.5341072871023427,0.0,0.0,0.0,0.6871494936537423,0.0,0.0,0.7682018167665142,0.0,0.0,0.4779276159852043,0.0,0.7208290955927299,0.0,0.7241859113512885,0.6710685703749486
0.0,0.0,0.0,0.0,0.0,0.0,0.0,0.0,0.0,0.0,0.0,0.0,0.0,0.0,0.0,0.0,0.7935803515198161,0.0,0.0,0.0,0.0,0.0,0.0,0.0,0.0,0.1598351152809978,0.0,0.0,0.0,0.0,0.0,0.0,0.0,0.0,0.0,0.0,0.0,0.0,0.0,0.0,0.0,0.0,0.0,0.0,0.0,0.0,0.0,0.0,0.0,0.0,0.0,0.0,0.0,0.0,0.0,0.0,0.0,0.0,0.0,0.0
0.0,0.0,0.0,0.0,0.6454902881260364,0.0,0.0,0.0,0.0,0.6923039717365732,0.5987034664275555,0.5896088760705236,0.5170889157761396,0.5825349380005407,0.0,0.0,0.0,0.0,0.0,0.0,0.0,0.0,0.8476584478180519,0.0,0.0,0.0,0.4774308572009762,0.6037134574457643,0.0,0.0,0.6898293208522669,0.0,0.0,0.0,0.0,0.0,0.4136628687555429,0.0,0.0,0.0,0.0,0.0,0.0,0.0,0.0,0.0,0.0,0.0,0.731439837878195,0.0,0.0,0.6446556567923792,0.0,0.0,0.0,0.0,0.0,0.0,0.0,0.539778189777125
0.0,0.0,0.0,0.0,0.0,0.0,0.0,0.0,0.0,0.0,0.0,0.0,0.0,0.0,0.0,0.0,0.0,0.0,0.0,0.0,0.0,0.0,0.0,0.0,0.0,0.0,0.0,0.0,0.0,0.0,0.0,0.0,0.0,0.0,0.0,0.0,0.0,0.0,0.0,0.0,0.0,0.0,0.0,0.0,0.0,0.0,0.0,0.0,0.0,0.0,0.0,0.0,0.0,0.5924064564750605,0.0,0.0,0.0,0.0,0.604938724376687,0.0
0.6091108076671893,0.6968629170902285,0.8794309437653065,0.0,0.0,0.0,0.0,0.0,0.0,0.0,0.0,0.0,0.0,0.0,0.0,0.0,0.0,0.0,0.729782839641113,0.0,0.8118717111297361,0.0,0.0,0.7034721461186604,0.6531642467624241,0.0,0.7833863093101141,0.7831059617933448,0.0,0.3984015501834285,0.0,0.7127924127907164,0.6423818392323416,0.0,0.0,0.0,0.31720517831194683,0.4612278634391135,0.0,0.0,0.6587240450411961,0.0,0.0,0.0,0.0,0.0,0.0,0.0,0.6871494936537423,0.0,0.0,0.7425711705157028,0.0,0.0,0.5670560938769231,0.755075595445811,0.0,0.0,0.7677790093404975,0.0
0.0,0.0,0.0,0.5746033685173422,0.0,0.0,0.0,0.0,0.0,0.0,0.0,0.0,0.6635432936226945,0.8148593021774727,0.0,0.0,0.0,0.0,0.5606626424347453,0.7552515781889934,0.9265680377951572,0.0,0.0,0.0,0.0,0.0,0.46794877219791464,0.5173438323294626,0.0,0.35044577222397977,0.46501789730593224,0.0,0.0,0.14037754625151722,0.0,0.0,0.0,0.0,0.0,0.0,0.0,0.0,0.0,0.0,0.0,0.0,0.5623347096855018,0.0,0.0,0.0,0.5640105471420872,0.0,0.0,0.0,0.0,0.0,0.0,0.832707312009018,0.0,0.0
0.0,0.0,0.0,0.0,0.0,0.0,0.8997766854615037,0.0,0.0,0.0,0.0,0.0,0.0,0.6906087880857189,0.0,0.0,0.6956826142352648,0.5780031298104262,0.30936066847624477,0.0,0.0,0.0,0.5719720236699413,0.0,0.7757344437416289,0.0,0.0,0.0,0.0,0.30856720848784003,0.0,0.0,0.0,0.0,0.7051607466387729,0.0,0.0,0.3521384523946359,0.5296001654773556,0.0,0.6587240450411961,0.0,0.0,0.5863133193602694,0.0,0.0,0.0,0.0,0.0,0.5312517568520029,0.0,0.0,0.0,0.0,0.0,0.0,0.0,0.0,0.0,0.0
0.6882218107092755,0.7589441787366371,0.0,0.0,0.0,0.0,0.0,0.0,0.0,0.0,0.0,0.0,0.0,0.0,0.0,0.0,0.0,0.0,0.0,0.0,0.0,0.0,0.0,0.0,0.0,0.0,0.0,0.0,0.4223621221824866,0.0,0.0,0.0,0.0,0.5193241871994831,0.0,0.0,0.0,0.0,0.0,0.0,0.0,0.0,0.0,0.0,0.0,0.620846115568672,0.0,0.0,0.0,0.7993134669548897,0.6393245184333399,0.0,0.0,0.0,0.0,0.0,0.8052273277187656,0.0,0.0,0.0
0.0,0.0,0.0,0.0,0.0,0.0,0.0,0.0,0.0,0.8137827993737219,0.0,0.0,0.0,0.0,0.0,0.0,0.0,0.0,0.0,0.0,0.0,0.0,0.0,0.0,0.0,0.0,0.0,0.0,0.0,0.0,0.0,0.0,0.0,0.0,0.0,0.0,0.0,0.0,0.0,0.0,0.0,0.0,0.0,0.0,0.0,0.0,0.0,0.0,0.0,0.0,0.0,0.0,0.0,0.0,0.0,0.0,0.0,0.7392571315352077,0.0,0.0
0.0,0.7953244249182485,0.0,0.0,0.0,0.0,0.0,0.0,0.7484302623599116,0.0,0.5745133282260653,0.0,0.0,0.0,0.0,0.0,0.0,0.0,0.0,0.0,0.0,0.0,0.0,0.0,0.0,0.0,0.0,0.5070933392716123,0.6939517719549407,0.0,0.0,0.0,0.0,0.0,0.0,0.7357070018094998,0.0,0.0,0.0,0.0,0.0,0.0,0.0,0.0,0.0,0.0,0.0,0.0,0.0,0.0,0.0,0.0,0.8341174837279424,0.6625574074353042,0.0,0.0,0.0,0.0,0.0,0.0
0.0,0.0,0.0,0.0,0.0,0.0,0.0,0.0,0.8083945013740547,0.0,0.0,0.0,0.0,0.0,0.0,0.7925220376585971,0.0,0.0,0.0,0.0,0.0,0.0,0.0,0.0,0.6833060788018238,0.0,0.0,0.0,0.4556338712681699,0.0,0.0,0.0,0.0,0.5193241871994831,0.0,0.0,0.0,0.0,0.0,0.0,0.0,0.0,0.0,0.0,0.0,0.0,0.0,0.0,0.6871494936537423,0.0,0.0,0.0,0.0,0.0,0.0,0.0,0.0,0.0,0.0,0.0
0.0,0.0,0.0,0.563007672748374,0.0,0.0,0.0,0.0,0.0,0.0,0.0,0.623729983389719,0.0,0.0,0.0,0.0,0.0,0.0,0.0,0.0,0.0,0.0,0.0,0.0,0.0,0.0,0.0,0.0,0.0,0.0,0.44664130059881946,0.0,0.4542063128701077,0.0,0.761399527824009,0.0,0.0,0.0,0.0,0.0,0.0,0.0,0.0,0.36664648912418707,0.0,0.0,0.0,0.0,0.0,0.0,0.0,0.6938457941651877,0.0,0.6899475903605703,0.0,0.0,0.0,0.0,0.0,0.0
0.0,0.0,0.0,0.0,0.0,0.0,0.9933132386701524,0.7504820565832977,0.0,0.8762132713457842,0.0,0.623729983389719,0.0,0.0,0.0,0.0,0.7706333257016558,0.0,0.0,0.6395810909802617,0.7663169947840739,0.0,0.0,0.0,0.6254402054092343,0.6337719747410013,0.6580621533168732,0.70496945275177,0.548706838197696,0.0,0.0,0.0,0.0,0.0,0.0,0.0,0.0,0.0,0.0,0.5447817373784163,0.0,0.0,0.6290492445414841,0.733285415211844,0.0,0.742624142700534,0.0,0.0,0.0,0.0,0.9906831870609029,0.0,0.0,0.7472797925040752,0.5611838948364676,0.0,0.0,0.0,0.8100699826327621,0.0
0.0,0.0,0.0,0.0,0.0,0.0,0.0,0.0,0.0,0.0,0.0,0.0,0.0,0.0,0.0,0.0,0.6879248027777323,0.0,0.0,0.0,0.0,0.0,0.0,0.0,0.0,0.0,0.0,0.0,0.0,0.0,0.0,0.0,0.0,0.0,0.48334713266777873,0.0,0.0,0.0,0.0,0.0,0.0,0.0,0.517925797179774,0.7971782315955249,0.0,0.674051642248906,0.0,0.0,0.0,0.0,0.8582720810731275,0.0,0.0,0.0,0.0,0.0,0.7810561855918895,0.6422475109027919,0.0,0.0
0.0,0.0,0.0,0.0,0.0,0.0,0.0,0.0,0.0,0.0,0.0,0.0,0.0,0.0,0.0,0.0,0.0,0.0,0.0,0.0,0.0,0.0,0.0,0.0,0.9828232795948522,0.0,0.0,0.0,0.0,0.0,0.0,0.0,0.0,0.0,0.0,0.0,0.0,0.0,0.0,0.0,0.0,0.0,0.0,0.0,0.0,0.0,0.6558356589448493,0.0,0.0,0.0,0.0,0.0,0.0,0.0,0.0,0.0,0.0,0.0,0.0,0.0
0.0,0.6968629170902285,0.7644939434352584,0.0,0.0,0.0,0.0,0.0,0.8365598975046298,0.0,0.0,0.0,0.5275562305773688,0.5825349380005407,0.0,0.0,0.0,0.0,0.0,0.0,0.0,0.0,0.0,0.0,0.0,0.6621790911072765,0.0,0.5963207013105454,0.0,0.0,0.36455200858210746,0.0,0.0,0.0,0.6949265421617374,0.0,0.0,0.0,0.0,0.0,0.0,0.0,0.0,0.0,0.0,0.0,0.0,0.8969063268915584,0.0,0.5098213748584439,0.7761991890020454,0.0,0.0,0.0,0.0,0.0,0.5080004002720868,0.47845119447481044,0.0,0.0
0.0,0.0,0.0,0.0,0.0,0.0,0.0,0.8057300951945996,0.7618557850719503,0.0,0.6272251455063795,0.0,0.0,0.0,0.9448071139122803,0.0,0.0,0.0,0.0,0.0,0.0,0.6060014389778191,0.0,0.7034721461186604,0.0,0.0,0.0,0.0,0.0,0.0,0.0,0.0,0.0,0.0,0.0,0.0,0.0,0.0,0.0,0.672549749390517,0.0,0.0,0.6875828702275696,0.47192488198999427,0.0,0.6342710456097782,0.0,0.8969063268915584,0.0,0.0,0.0,0.0,0.0,0.6742201713991232,0.0,0.6258503455217097,0.0,0.0,0.0,0.0
0.5279890248282386,0.0,0.0,0.39919862343966606,0.0,0.0,0.0,0.0,0.7417120461506244,0.0,0.0,0.0,0.0,0.0,0.0,0.6637752167710704,0.0,0.0,0.0,0.4523671029065379,0.0,0.0,0.0,0.0,0.0,0.0,0.0,0.0,0.0,0.0,0.0,0.0,0.0,0.0,0.0,0.0,0.0,0.0,0.0,0.0,0.0,0.0,0.0,0.0,0.0,0.0,0.0,0.0,0.0,0.0,0.0,0.0,0.0,0.8099145015441296,0.0,0.0,0.0,0.0,0.0,0.0
0.0,0.0,0.9326435057227243,0.0,0.0,0.0,0.7353403831766502,0.0,0.0,0.0,0.0,0.0,0.4932486953803319,0.0,0.0,0.0,0.0,0.18641617423267076,0.0,0.0,0.0,0.0,0.0,0.0,0.0,0.0,0.0,0.0,0.0,0.0,0.0,0.0,0.0,0.0,0.0,0.0,0.0,0.0,0.7792648743831905,0.7702689977913587,0.0,0.0,0.0,0.0,0.45875700460064983,0.0,0.0,0.0,0.0,0.0,0.0,0.0,0.0,0.0,0.0,0.0,0.0,0.0,0.5951215139046275,0.0
0.0,0.0,0.0,0.0,0.0,0.0,0.0,0.0,0.0,0.0,0.0,0.0,0.0,0.0,0.0,0.517250473995737,0.0,0.0,0.0,0.0,0.0,0.0,0.0,0.0,0.0,0.0,0.0,0.0,0.0,0.0,0.0,0.0,0.0,0.0,0.6949265421617374,0.0,0.0,0.0,0.0,0.0,0.0,0.8677888822630438,0.0,0.0,0.5341072871023427,0.34903328189579086,0.0,0.0,0.0,0.0,0.0,0.0,0.0,0.0,0.0,0.0,0.0,0.0,0.5571982255036467,0.0
0.0,0.0,0.0,0.0,0.0,0.0,0.0,0.0,0.0,0.0,0.0,0.0,0.0,0.0,0.0,0.0,0.0,0.0,0.0,0.0,0.0,0.0,0.0,0.0,0.0,0.0,0.0,0.0,0.7847455410206808,0.0,0.67410760947367,0.5969017512434738,0.6423818392323416,0.20693583929888593,0.0,0.0,0.0,0.0,0.0,0.0,0.0,0.0,0.0,0.0,0.0,0.0,0.0,0.0,0.0,0.612346695427904,0.0,0.0,0.0,0.0,0.0,0.0,0.0,0.0,0.0,0.0
0.0,0.0,0.0,0.0,0.8803218307833909,0.0,0.0,0.0,0.7114045514975974,0.0,0.0,0.49164886682520437,0.0,0.0,0.0,0.0,0.0,0.5780031298104262,0.5675850531635388,0.0,0.6067980837702509,0.0,0.7836852952783959,0.0,0.0,0.2088760947140491,0.6580621533168732,0.0,0.6896220334648746,0.0,0.0,0.6958812762249285,0.0,0.0,0.0,0.0,0.437675566488508,0.5530944340628354,0.40731458232977313,0.672549749390517,0.0,0.6645596620161125,0.0,0.0,0.0,0.0,0.0,0.41744382711620864,0.0,0.0,0.8995669227627564,0.0,0.0,0.0,0.5611838948364676,0.79996991212876,0.0,0.0,0.0,0.0
0.0,0.0,0.0,0.0,0.0,0.0,0.0,0.0,0.0,0.0,0.0,0.0,0.0,0.0,0.0,0.0,0.0,0.0,0.3811160740878622,0.0,0.0,0.0,0.0,0.0,0.0,0.0,0.0,0.0,0.0,0.0,0.0,0.0,0.0,0.0,0.0,0.0,0.0,0.0,0.0,0.0,0.6587240450411961,0.0,0.0,0.6243183931322716,0.0,0.0,0.681329470540381,0.0,0.0,0.0,0.0,0.0,0.0,0.0,0.0,0.1514647702930797,0.0,0.0,0.7281055563221626,0.0
0.0,0.0,0.0,0.0,0.4132096931722208,0.0,0.0,0.0,0.0,0.0,0.0,0.0,0.0,0.0,0.0,0.46797828535167796,0.0,0.0,0.0,0.0,0.0,0.0,0.0,0.0,0.0,0.0,0.0,0.0,0.0,0.0,0.7063916721157828,0.0,0.0,0.0,0.0,0.0,0.0,0.0,0.0,0.0,0.0,0.0,0.0,0.0,0.0,0.43100292788155325,0.40708271542644847,0.0,0.0,0.48064952541243033,0.0,0.5486349617545189,0.0,0.9378107462917968,0.0,0.0,0.0,0.0,0.0,0.0
