0.0,0.0,0.7157406529530603,0.6850708862725202,0.0,0.0,0.0,0.0,0.616215009660376,0.0,0.0,0.0,0.0,0.0,0.0,0.0,0.5439404887977344,0.0,0.0,0.0,0.0,0.0,0.0,0.0,0.0,0.0,0.0,0.6663163572862905,0.0,0.0,0.0,0.0,0.0,0.0,0.0,0.0,0.0,0.6020924303434874,0.8096514120301248,0.0,0.0,0.0,0.0,0.0,0.0,0.7965852941224395,0.4502273952882223,0.0,0.8355123263105138,0.9305747604822058,0.60442586865153,0.0,0.0,0.4630340399252476,0.0,0.0,0.0,0.0,0.9211578024495246,0.0
0.0,0.24556813246382903,0.0,0.7369784292625869,0.7011876493647478,0.0,0.0,0.0,0.0,0.0,0.0,0.0,0.0,0.0,0.0,0.0,0.0,0.8851686526007012,0.0,0.0,0.0,0.4851576048906606,0.0,0.0,0.0,0.881830798825964,0.0,0.0,0.0,0.5476529862362056,0.0,0.0,0.0,0.0,0.0,0.0,0.0,0.5016723628074071,0.0,0.0,0.0,0.0,0.0,0.7212903892744984,0.8053573801567615,0.7965852941224395,0.5553090026676644,0.3864833907838783,0.8862291548584563,0.0,0.5600896607172055,0.6960509980366133,0.0,0.0,0.315167800919147,0.5944036494646838,0.5900509279876032,0.7200933332716273,0.0,0.0
0.0,0.47006362905921883,0.0,0.6671041404180219,0.0,0.5048902491970617,0.8289368784760479,0.0,0.34219373582336976,0.0,0.0,0.0,0.7909931576546405,0.0,0.0,0.0,0.0,0.0,0.0,0.9165667350126168,0.0,0.6918810161673272,0.0,0.4396738784048442,0.34910057679296436,0.0,0.0,0.8539014941394316,0.0,0.4848474214963323,0.5759655045983838,0.5808035516263407,0.0,0.0,0.0,0.0,0.0,0.6371369872664788,0.0,0.0,0.8995260443556562,0.6172176446734449,0.0,0.0,0.0,0.0,0.0,0.0,0.7927711284491923,0.0,0.0,0.0,0.5203053778819788,0.8316775645405504,0.0,0.0,0.0,0.0,0.0,0.0
0.7493662542595828,0.667084759667141,0.0,0.0,0.540967126332073,0.0,0.0,0.0,0.4192324743841256,0.4989318269519084,0.8338648644414386,0.0,0.5954213795228696,0.0,0.0,0.0,0.0,0.5719973851183402,0.0,0.0,0.0,0.0,0.9918463016330755,0.693462298335312,0.0,0.0,0.0,0.0,0.0,0.0,0.0,0.6770846276949485,0.0,0.0,0.8428704228810692,0.0,0.0,0.0,0.0,0.6363262264118799,0.0,0.0,0.8076672845725938,0.0,0.0,0.0,0.49230906733680246,0.0,0.9457431552316106,0.4297543195096548,0.0,0.0,0.7173463789175012,0.0,0.0,0.4037688364128952,0.0,0.0,0.0,0.4801175165319964
0.0,0.0,0.0,0.0,0.0,0.6462576285767456,0.0,0.0,0.0,0.0,0.0,0.0,0.6307898432426025,0.0,0.0,0.0,0.28028458557701474,0.6301165566635057,0.0,0.0,0.0,0.0,0.0,0.0,0.0,0.881830798825964,0.0,0.0,0.0,0.0,0.0,0.0,0.0,0.0,0.9315185864224893,0.0,0.0,0.0,0.68978622702703,0.0,0.0,0.0,0.0,0.0,0.0,0.6816015977313102,0.0,0.0,0.0,0.0,0.0,0.0,0.0,0.0,0.0,0.0,0.0,0.0,0.0,0.0
0.0,0.0,0.0,0.0,0.0,0.0,0.0,0.0,0.0,0.0,0.0,0.0,0.0,0.0,0.0,0.6518182381700292,0.0,0.0,0.8575505870760567,0.0,0.0,0.0,0.0,0.0,0.0,0.0,0.0,0.6859057043095029,0.0,0.0,0.0,0.7274668136338072,0.0,0.0,0.0,0.0,0.6839450279768002,0.0,0.0,0.9524751265564732,0.0,0.0,0.0,0.5848844102069408,0.0,0.0,0.0,0.0,0.0,0.48539348635865176,0.0,0.0,0.0,0.0,0.0,0.0,0.0,0.0,0.0,0.0
0.0,0.0,0.43502511240193387,0.7369784292625869,0.0,0.54737837583711,0.0,0.6654784816865758,0.0,0.0,0.9510192207806127,0.539362653591073,0.0,0.0,0.0,0.0,0.731653726983305,0.6582197172824893,0.0,0.0,0.0,0.0,0.0,0.0,0.0,0.0,0.0,0.8229554479384058,0.0,0.0,0.0,0.5248940514694749,0.49710229178974474,0.0,0.48551996734025327,0.0,0.0,0.0,0.0,0.8668032042270657,0.0,0.0,0.0,0.0,0.6651653385018801,0.0,0.0,0.4030053352130796,0.0,0.0,0.0,0.0,0.9005360894040012,0.0,0.7530083825266881,0.0,0.5780305204830267,0.6811704876881508,0.0,0.6398303130701571
0.0,0.0,0.0,0.8557098294171632,0.0,0.6919962099910906,0.0,0.7589702222021492,0.7933382444911137,0.0,0.0,0.0,0.0,0.7561890663229621,0.0,0.0,0.851643260207193,0.0,0.0,0.0,0.8682007241784779,0.0,0.0,0.0,0.0,0.0,0.0,0.0,0.0,0.0,0.9860448321580564,0.0,0.0,0.0,0.0,0.0,0.0,0.0,0.6342577204398231,0.0,0.0,0.0,0.9451536092680618,0.0,0.0,0.0,0.0,0.0,0.0,0.0,0.6081823043711484,0.8672784712058321,0.0,0.7027922573703695,0.0,0.0,0.0,0.0,0.693758415812921,0.0
0.8351281543254644,0.8292152150977297,0.8960607081823604,0.0,0.0,0.6610806369357861,0.0,0.0,0.47341580083524604,0.8624111706632848,0.8060905281656887,0.8896063185383434,0.43106778949757296,0.0,0.0,0.0,0.4727521666634851,0.0,0.0,0.0,0.0,0.0,0.776244591580318,0.3565985992074082,0.0,0.0,0.893361081586747,0.7734061487712198,0.38675020894582257,0.3401650364379153,0.0,0.7248170384469814,0.0,0.0,0.0,0.0,0.0,0.0,0.0,0.0,0.0,0.0,0.0,0.0,0.7594054251246727,0.0,0.0,0.0,0.7410478909223197,0.0,0.0,0.0,0.0,0.0,0.0,0.0,0.6421477376851931,0.0,0.0,0.0
0.0,0.0,0.0,0.0,0.0,0.0,0.0,0.0,0.0,0.0,0.0,0.0,0.0,0.0,0.0,0.0,0.0,0.8851686526007012,0.0,0.0,0.0,0.0,0.0,0.0,0.0,0.0,0.0,0.0,0.0,0.0,0.0,0.0,0.0,0.0,0.0,0.0,0.0,0.0,0.0,0.0,0.0,0.0,0.0,0.0,0.0,0.0,0.0,0.0,0.0,0.0,0.0,0.0,0.0,0.0,0.0,0.0,0.0,0.0,0.0,0.6003473966265941
0.0,0.4716370161015112,0.0,0.0,0.0,0.0,0.0,0.0,0.0,0.8026913941100194,0.0,0.0,0.0,0.0,0.0,0.0,0.0,0.0,0.0,0.0,0.6574054158234872,0.42996727444989713,0.0,0.0,0.0,0.39670574335063513,0.5773557748180491,0.0,0.7066140660699763,0.0,0.0,0.0,0.0,0.0,0.0,0.0,0.0,0.0,0.0,0.0,0.0,0.0,0.769765062216178,0.0,0.0,0.0,0.0,0.0,0.0,0.0,0.0,0.0,0.0,0.0,0.0,0.0,0.0,0.0,0.0,0.0
0.0,0.0,0.0,0.0,0.0,0.0,0.0,0.0,0.0,0.0,0.0,0.0,0.0,0.0,0.6204269547076096,0.0,0.0,0.0,0.0,0.0,0.0,0.0,0.0,0.0,0.0,0.0,0.0,0.0,0.0,0.0,0.0,0.0,0.0,0.42012401428020063,0.0,0.0,0.6998179641294064,0.0,0.0,0.0,0.0,0.0,0.0,0.0,0.0,0.0,0.0,0.0,0.0,0.0,0.0,0.0,0.5758619687990136,0.0,0.0,0.0,0.0,0.8316321227817243,0.0,0.3444679997260691
0.0,0.6547936229527114,0.0,0.0,0.0,0.0,0.0,0.0,0.0,0.0,0.0,0.0,0.0,0.0,0.6773923486453878,0.7525519463179746,0.0,0.0,0.0,0.0,0.0,0.0,0.0,0.0,0.3264496610265484,0.7242536674878699,0.0,0.7578115886643016,0.0,0.44807806633453817,0.0,0.0,0.538582504749628,0.0,0.0,0.7717631175694931,0.0,0.0,0.0,0.0,0.0,0.0,0.0,0.0,0.0,0.0,0.5666986232327118,0.568256291552445,0.0,0.0,0.5167597837432159,0.0,0.0,0.0,0.0,0.0,0.0,0.702766519249617,0.420158562954847,0.0
0.0,0.0,0.0,0.8291774409711179,0.8288602299517585,0.0,0.0,0.0,0.0,0.0,0.0,0.0,0.0,0.0,0.0,0.0,0.0,0.0,0.7166418604621068,0.0,0.6498158328922876,0.0,0.0,0.0,0.0,0.0,0.0,0.0,0.3043530394143824,0.0,0.0,0.0,0.0,0.0,0.0,0.0,0.0,0.0,0.0,0.0,0.0,0.0,0.0,0.0,0.0,0.0,0.0,0.0,0.0,0.0,0.0,0.9511635812682915,0.7352228663782481,0.0,0.0,0.0,0.0,0.892054375165032,0.0,0.0
0.0,0.0,0.0,0.0,0.0,0.0,0.0,0.0,0.0,0.0,0.0,0.0,0.0,0.0,0.0,0.0,0.0,0.0,0.0,0.0,0.0,0.0,0.0,0.0,0.0,0.0,0.0,0.0,0.0,0.0,0.0,0.0,0.0,0.7681728204340763,0.0,0.0,0.0,0.7027956359843408,0.0,0.0,0.0,0.0,0.0,0.0,0.0,0.0,0.0,0.0,0.0,0.0,0.0,0.0,0.0,0.0,0.0,0.0,0.0,0.0,0.0,0.0
0.0,0.0,0.0,0.0,0.0,0.0,0.8963785328492133,0.5900056661546633,0.0,0.0,0.0,0.0,0.48649843218625133,0.0,0.0,0.0,0.2872656331016096,0.0,0.0,0.0,0.7497422311037631,0.708344909521673,0.7551867707762889,0.0,0.5138622202824097,0.0,0.0,0.0,0.0,0.4215384015675523,0.0,0.0,0.6792101857553343,0.0,0.0,0.8208573906029137,0.8271105979517956,0.6148630970811126,0.0,0.0,0.391801854460918,0.0,0.6436408084198197,0.0,0.833009732440961,0.40955740547217834,0.9525667111453083,0.0,0.0,0.0,0.0,0.0,0.0,0.0,0.0,0.0,0.6807168053965655,0.0,0.0,0.38333331805840276
0.6296181355733952,0.0,0.0,0.0,0.6694114023560931,0.0,0.6694510754131571,0.0,0.0,0.0,0.0,0.0,0.0,0.0,0.0,0.0,0.0,0.0,0.0,0.0,0.9141451858829241,0.7656129094892834,0.0,0.48622440448979154,0.0,0.0,0.6816105232261147,0.0,0.0,0.0,0.0,0.0,0.44583946813502406,0.5486200700236097,0.0,0.4921536398689038,0.0,0.0,0.0,0.4977464648249619,0.0,0.0,0.0,0.0,0.0,0.0,0.0,0.0,0.0,0.0,0.0,0.8060541204215435,0.8002675051198507,0.0,0.0,0.0,0.0,0.0,0.7907539537161768,0.0
0.0,0.0,0.0,0.0,0.0,0.0,0.6849403365304939,0.0,0.0,0.0,0.0,0.8896063185383434,0.0,0.0,0.0,0.0,0.0,0.0,0.0,0.0,0.0,0.0,0.0,0.0,0.0,0.0,0.0,0.0,0.0,0.0,0.0,0.810987666198499,0.4280787684681806,0.0,0.0,0.0,0.0,0.0,0.768121982374623,0.0,0.0,0.0,0.0,0.5614558712179134,0.0,0.0,0.0,0.0,0.0,0.0,0.0,0.7817913745850976,0.0,0.7726950116671449,0.0,0.0,0.0,0.0,0.0,0.0
0.0,0.0,0.0,0.0,0.0,0.0,0.0,0.0,0.0,0.0,0.0,0.0,0.0,0.0,0.0,0.637742440698579,0.0,0.0,0.0,0.0,0.9487267039003513,0.6758662439641296,0.0,0.0,0.0,0.0,0.0,0.0,0.0,0.4759600961176502,0.0,0.659815252650725,0.0,0.0,0.0,0.0,0.0,0.0,0.0,0.0,0.8589149751491023,0.0,0.0,0.0,0.0,0.0,0.0,0.0,0.0,0.0,0.0,0.0,0.0,0.0,0.0,0.0,0.0,0.0,0.0,0.0
0.0,0.0,0.0,0.0,0.0,0.0,0.0,0.0,0.4682960587037043,0.0,0.7599981598673426,0.0,0.0,0.7776404457180466,0.0,0.0,0.0,0.0,0.0,0.0,0.0,0.0,0.0,0.0,0.0,0.0,0.0,0.0,0.0,0.5148379867106477,0.7357931619157005,0.0,0.0,0.0,0.0,0.8208573906029137,0.0,0.0,0.0,0.0,0.0,0.0,0.0,0.0,0.0,0.7794949945403833,0.0,0.0,0.0,0.0,0.0,0.0,0.0,0.0,0.0,0.0,0.5120878750801274,0.0,0.0,0.0
0.0,0.0,0.0,0.0,0.0,0.0,0.0,0.0,0.0,0.0,0.0,0.7313240522364204,0.0,0.801395439678569,0.0,0.6701978460819618,0.0,0.0,0.0,0.0,0.0,0.0,0.0,0.0,0.32447802340060883,0.0,0.0,0.0,0.0,0.4572129138778057,0.0,0.0,0.0,0.0,0.0,0.0,0.0,0.0,0.7105739903569919,0.0,0.0,0.0,0.0,0.0,0.0,0.0,0.0,0.0,0.0,0.0,0.0,0.0,0.6256913967206321,0.0,0.0,0.0,0.0,0.0,0.5062552198904663,0.0
0.0,0.8292152150977297,0.0,0.0,0.0,0.0,0.0,0.0,0.0,0.0,0.0,0.0,0.0,0.0,0.0,0.0,0.0,0.0,0.0,0.0,0.0,0.0,0.8588138916077745,0.0,0.0,0.0,0.0,0.0,0.0,0.0,0.0,0.0,0.0,0.0,0.0,0.0,0.0,0.0,0.0,0.0,0.0,0.0,0.0,0.0,0.7811718723302704,0.9628847394289839,0.0,0.8463856444991141,0.0,0.4478950608062783,0.0,0.0,0.0,0.0,0.0,0.0,0.0,0.0,0.0,0.0
0.7930766458229712,0.0,0.0,0.0,0.0,0.0,0.0,0.0,0.0,0.0,0.0,0.0,0.0,0.0,0.0,0.0,0.0,0.0,0.8276394338671869,0.0,0.0,0.0,0.0,0.7242562104813044,0.0,0.0,0.0,0.0,0.0,0.0,0.0,0.0,0.0,0.0,0.5047119060643331,0.0,0.0,0.0,0.0,0.0,0.0,0.0,0.0,0.0,0.0,0.8537893896898914,0.0,0.0,0.7224100239637986,0.0,0.0,0.0,0.0,0.0,0.0,0.0,0.0,0.0,0.0,0.0
0.0,0.8556651211734141,0.5867163487584435,0.7745678520556041,0.0,0.0,0.6546558360917063,0.0,0.41068606090642534,0.0,0.0,0.0,0.47434218368522085,0.0,0.6313208667588293,0.0,0.0,0.0,0.7556474580495962,0.0,0.8682007241784779,0.0,0.0,0.3565985992074082,0.4200603989476591,0.0,0.0,0.0,0.0,0.515626362338925,0.0,0.0,0.0,0.0,0.0,0.6965332398736281,0.0,0.0,0.0,0.0,0.6534527221823527,0.4837419912976215,0.0,0.0,0.7947824312088253,0.0,0.0,0.347004877672086,0.0,0.0,0.0,0.0,0.0,0.0,0.0,0.0,0.6152166302400462,0.8041742047661025,0.8380861583601075,0.0
0.0,0.0,0.0,0.0,0.6848987132806899,0.0,0.0,0.4597179938081237,0.0,0.7152732642659767,0.0,0.6872489247127321,0.0,0.0,0.0,0.4987709712406687,0.0,0.0,0.6398498025023118,0.0,0.6796424639673317,0.0,0.0,0.0,0.43107991850238614,0.0,0.0,0.0,0.0,0.0,0.0,0.0,0.0,0.0,0.0,0.6965332398736281,0.0,0.0,0.0,0.0,0.41682334086246076,0.0,0.0,0.0,0.0,0.6816015977313102,0.0,0.0,0.0,0.0,0.0,0.7817913745850976,0.6684987639373741,0.3930960188967282,0.0,0.0,0.0,0.0,0.0,0.0
0.0,0.0,0.0,0.0,0.0,0.0,0.0,0.0,0.0,0.0,0.0,0.0,0.0,0.0,0.0,0.0,0.0,0.0,0.0,0.0,0.0,0.0,0.0,0.0,0.0,0.0,0.0,0.0,0.0,0.0,0.0,0.0,0.0,0.0,0.0,0.0,0.0,0.0,0.8725928379480752,0.0,0.0,0.0,0.0,0.0,0.0,0.0,0.0,0.0,0.0,0.0,0.0,0.0,0.0,0.7516704654677591,0.0,0.0,0.0,0.0,0.0,0.0
0.0,0.0,0.0,0.0,0.0,0.0,0.0,0.0,0.0,0.0,0.0,0.0,0.0,0.0,0.0,0.0,0.0,0.8362509186149076,0.0,0.0,0.0,0.0,0.0,0.0,0.0,0.0,0.7522665567180152,0.0,0.0,0.3639042360925343,0.0,0.0,0.0,0.0,0.0,0.0,0.8264798148358111,0.0,0.0,0.0,0.0,0.0,0.0,0.0,0.0,0.7965852941224395,0.0,0.0,0.0,0.0,0.0,0.0,0.0,0.5084030535886137,0.0,0.0,0.0,0.0,0.0,0.0
0.0,0.0,0.0,0.0,0.9733320584252361,0.0,0.0,0.0,0.0,0.0,0.0,0.0,0.0,0.0,0.0,0.0,0.0,0.0,0.0,0.0,0.0,0.0,0.0,0.0,0.0,0.0,0.0,0.0,0.0,0.0,0.0,0.0,0.0,0.0,0.0,0.0,0.0,0.0,0.0,0.0,0.0,0.0,0.0,0.642677950427404,0.0,0.0,0.0,0.0,0.0,0.0,0.0,0.0,0.0,0.0,0.0,0.0,0.0,0.0,0.0,0.0
0.0,0.0,0.798001543610966,0.0,0.0,0.0,0.0,0.0,0.0,0.0,0.0,0.0,0.0,0.0,0.0,0.0,0.0,0.0,0.5753921394482009,0.0,0.0,0.0,0.0,0.0,0.0,0.0,0.0,0.0,0.0,0.0,0.8262336433325003,0.0,0.5607892249464649,0.0,0.0,0.0,0.0,0.0,0.0,0.0,0.0,0.0,0.0,0.0,0.7594054251246727,0.0,0.0,0.0,0.0,0.4478950608062783,0.0,0.0,0.0,0.0,0.0,0.0,0.0,0.0,0.0,0.0
0.0,0.0,0.7013419620762777,0.0,0.0,0.0,0.0,0.0,0.0,0.0,0.0,0.0,0.0,0.0,0.0,0.0,0.0,0.0,0.0,0.0,0.0,0.0,0.0,0.0,0.5166056898025675,0.0,0.0,0.0,0.0,0.0,0.0,0.0,0.0,0.0,0.0,0.0,0.0,0.0,0.0,0.0,0.0,0.0,0.0,0.0,0.0,0.0,0.0,0.0,0.0,0.0,0.0,0.0,0.0,0.0,0.0,0.0,0.0,0.0,0.0,0.0
0.0,0.0,0.0,0.5886846141059443,0.8288602299517585,0.0,0.0,0.0,0.0,0.0,0.0,0.0,0.0,0.0,0.6745398591417668,0.6015411429909263,0.0,0.9174544873753784,0.0,0.0,0.9141451858829241,0.5050885855043563,0.9918463016330755,0.0,0.28329220798762655,0.0,0.7733463900125384,0.0,0.0,0.0,0.0,0.0,0.0,0.0,0.0,0.7315003268128675,0.0,0.0,0.0,0.5667086587477466,0.0,0.0,0.0,0.0,0.7314590337759237,0.0,0.0,0.7625076216295618,0.8075001433876405,0.0,0.9406610868998808,0.8672784712058321,0.0,0.0,0.31370206243783394,0.0,0.6284381052316783,0.0,0.0,0.4705873097319455
0.0,0.0,0.0,0.0,0.0,0.6462576285767456,0.0,0.5663003876122537,0.41068606090642534,0.8026913941100194,0.0,0.7313240522364204,0.44892481443347676,0.0,0.0,0.0,0.0,0.7228470428545608,0.0,0.0,0.5908899303279401,0.0,0.0,0.4033136188430888,0.0,0.6624145143728633,0.7147424691259696,0.0,0.0,0.0,0.0,0.0,0.0,0.0,0.7444412083405738,0.0,0.0,0.0,0.0,0.0,0.7548571523319074,0.0,0.0,0.0,0.0,0.0,0.7814820760019274,0.6306727334950106,0.7224100239637986,0.0,0.0,0.7399711473596418,0.563987465215791,0.8042132734861718,0.0,0.0,0.0,0.9086340212169302,0.0,0.0
0.0,0.0,0.0,0.0,0.6672671054617008,0.0,0.0,0.0,0.5844171789041146,0.0,0.0,0.0,0.0,0.0,0.0,0.0,0.0,0.8362509186149076,0.0,0.0,0.0,0.0,0.0,0.0,0.0,0.0,0.0,0.0,0.0,0.0,0.0,0.0,0.0,0.7849275498477107,0.0,0.9542607990712891,0.0,0.0,0.0,0.0,0.0,0.0,0.0,0.0,0.0,0.0,0.0,0.0,0.7410478909223197,0.0,0.7623471157505204,0.0,0.0,0.0,0.0,0.0,0.0,0.0,0.7629006703624235,0.0
0.0,0.43505093791199656,0.0,0.0,0.0,0.0,0.51964866144198,0.0,0.0,0.0,0.7309291603816228,0.0,0.0,0.801395439678569,0.0,0.0,0.0,0.0,0.0,0.0,0.0,0.0,0.0,0.0,0.0,0.0,0.0,0.0,0.0,0.5703282405591189,0.0,0.0,0.0,0.0,0.0,0.4101627974615343,0.0,0.6511883516709231,0.0,0.8334425432345439,0.0,0.0,0.6638331863846159,0.0,0.0,0.7147325069916757,0.8057061938495531,0.41144020712926077,0.0,0.0,0.0,0.0,0.0,0.0,0.0,0.33328536871644465,0.0,0.0,0.0,0.7176487942594525
0.0,0.0,0.0,0.0,0.0,0.0,0.4908216505530518,0.9563577473688784,0.0,0.0,0.0,0.771555772875177,0.0,0.0,0.0,0.0,0.0,0.0,0.0,0.0,0.0,0.0,0.0,0.0,0.0,0.0,0.0,0.0,0.0,0.0,0.0,0.0,0.0,0.0,0.0,0.0,0.0,0.0,0.768121982374623,0.0,0.0,0.0,0.0,0.6874635267512594,0.0,0.0,0.7211629811010967,0.47693464058881463,0.7049471322020766,0.0,0.0,0.0,0.0,0.0,0.0,0.0,0.0,0.0,0.0,0.0
0.0,0.0,0.0,0.0,0.7184172929809699,0.0,0.0,0.0,0.0,0.0,0.0,0.0,0.0,0.0,0.0,0.0,0.0,0.0,0.62544448309713,0.8858120396296304,0.0,0.8772698415143161,0.8266031061493353,0.0,0.0,0.0,0.7733463900125384,0.0,0.0,0.0,0.0,0.0,0.0,0.0,0.0,0.0,0.0,0.0,0.7849823613232502,0.8668032042270657,0.0,0.0,0.0,0.0,0.0,0.7965852941224395,0.9119654436688217,0.33396894200348837,0.7830756011976089,0.5361248701235461,0.0,0.0,0.0,0.0,0.0,0.5477739508082633,0.0,0.0,0.0,0.0
0.0,0.601042053902777,0.0,0.0,0.0,0.8769810366644736,0.0,0.0,0.0,0.8026913941100194,0.0,0.0,0.6589484791811917,0.8284081255406628,0.0,0.0,0.3503772462098095,0.8477297194277936,0.7176736555728037,0.6492310015215924,0.0,0.6758662439641296,0.0,0.0,0.0,0.0,0.0,0.0,0.0,0.0,0.9009785210648559,0.0,0.0,0.0,0.0,0.7508171865846344,0.0,0.0,0.0,0.0,0.7548571523319074,0.0,0.5131818887678072,0.0,0.0,0.0,0.0,0.0,0.0,0.0,0.5167597837432159,0.0,0.7548328519378033,0.0,0.6821873836643945,0.6616091024162041,0.5780305204830267,0.0,0.0,0.0
0.0,0.0,0.0,0.0,0.0,0.0,0.0,0.0,0.0,0.0,0.0,0.0,0.0,0.0,0.0,0.8031003790532407,0.0,0.0,0.0,0.7225813457850123,0.5908899303279401,0.0,0.0,0.0,0.0,0.0,0.0,0.0,0.6449291532271451,0.0,0.0,0.0,0.0,0.0,0.0,0.0,0.0,0.0,0.0,0.0,0.0,0.0,0.0,0.0,0.7811718723302704,0.0,0.0,0.0,0.0,0.4952031459268955,0.0,0.0,0.0,0.0,0.0,0.0,0.0,0.0,0.0,0.0
0.7493662542595828,0.0,0.0,0.0,0.0,0.0,0.0,0.0,0.0,0.0,0.0,0.0,0.6174870723062786,0.0,0.0,0.0,0.0,0.0,0.0,0.0,0.0,0.0,0.776244591580318,0.0,0.0,0.0,0.7147424691259696,0.0,0.0,0.0,0.0,0.0,0.0,0.0,0.0,0.0,0.0,0.0,0.0,0.5553187811429667,0.0,0.0,0.0,0.0,0.0,0.0,0.0,0.0,0.0,0.0,0.0,0.0,0.0,0.0,0.4246697825578055,0.0,0.0,0.0,0.0,0.0
0.0,0.0,0.0,0.0,0.0,0.0,0.0,0.7511935567258785,0.0,0.0,0.0,0.0,0.5486865167678037,0.0,0.0,0.0,0.3983275623381518,0.0,0.5312696246693374,0.0,0.6879566550828592,0.8777817190512036,0.0,0.647912848087481,0.0,0.0,0.0,0.0,0.0,0.0,0.0,0.0,0.0,0.4288116258058915,0.0,0.0,0.0,0.5327415768657001,0.0,0.0,0.0,0.0,0.0,0.0,0.6651653385018801,0.0,0.6568526801672095,0.0,0.0,0.0,0.4741873970775362,0.0,0.41681312558584527,0.75847889889494,0.0,0.0,0.0,0.0,0.0,0.0
0.0,0.0,0.0,0.0,0.0,0.7258947914757043,0.0,0.0,0.0,0.0,0.0,0.0,0.7909931576546405,0.0,0.0,0.0,0.6366685779595294,0.6888509012475506,0.0,0.0,0.0,0.0,0.0,0.0,0.0,0.0,0.0,0.0,0.0,0.0,0.0,0.0,0.0,0.0,0.0,0.0,0.0,0.0,0.0,0.0,0.0,0.0,0.769765062216178,0.0,0.0,0.0,0.0,0.0,0.7120003381873148,0.0,0.0,0.6361525102538994,0.0,0.45993745017729715,0.0,0.0,0.0,0.0,0.0,0.0
0.0,0.4161913350712536,0.7157406529530603,0.0,0.0,0.6610806369357861,0.0,0.0,0.0,0.0,0.0,0.0,0.693921807135533,0.0,0.0,0.0,0.0,0.0,0.0,0.0,0.0,0.0,0.0,0.0,0.595438435919511,0.0,0.7522665567180152,0.0,0.0,0.0,0.0,0.0,0.0,0.0,0.0,0.890036030893765,0.6259802874973224,0.0,0.8826653714461302,0.0,0.0,0.0,0.0,0.0,0.0,0.0,0.0,0.49363784720415027,0.0,0.4385909369115094,0.0,0.0,0.0,0.6371397545596935,0.0,0.0,0.5288930499810318,0.0,0.0,0.4898257193694894
0.0,0.0,0.0,0.0,0.0,0.0,0.0,0.0,0.0,0.0,0.0,0.8205932974868059,0.0,0.0,0.0,0.0,0.0,0.0,0.0,0.0,0.0,0.5152966802279162,0.0,0.8733720510387588,0.0,0.0,0.0,0.0,0.0,0.0,0.0,0.0,0.0,0.0,0.0,0.0,0.6395964132523295,0.0,0.0,0.8057285754307218,0.0,0.0,0.7612702921216556,0.0,0.0,0.7794949945403833,0.0,0.0,0.0,0.0,0.7288522421116055,0.0,0.0,0.0,0.0,0.0,0.0,0.0,0.0,0.0
0.0,0.0,0.0,0.0,0.0,0.0,0.0,0.0,0.0,0.0,0.0,0.0,0.0,0.0,0.0,0.0,0.0,0.0,0.0,0.0,0.0,0.0,0.0,0.2476472652683911,0.0,0.0,0.0,0.0,0.0,0.0,0.0,0.0,0.0,0.0,0.6321545215794736,0.0,0.0,0.0,0.0,0.0,0.0,0.0,0.0,0.0,0.0,0.0,0.0,0.0,0.0,0.0,0.0,0.0,0.0,0.0,0.0,0.0,0.0,0.0,0.0,0.0
0.0,0.0,0.5092827938786408,0.7745678520556041,0.6848987132806899,0.0,0.0,0.48222074801583503,0.0,0.8947891923719228,0.0,0.573166584126011,0.7237462401109769,0.0,0.0,0.0,0.0,0.0,0.0,0.0,0.0,0.0,0.0,0.0,0.0,0.0,0.0,0.0,0.0,0.0,0.0,0.8805247403396418,0.0,0.5953472585222102,0.0,0.0,0.0,0.0,0.0,0.0,0.0,0.6783205501579952,0.0,0.0,0.0,0.0,0.0,0.0,0.7611356142163951,0.49484642323556993,0.0,0.0,0.7173463789175012,0.891983530325235,0.0,0.0,0.0,0.0,0.0,0.0
0.8689171044867872,0.0,0.7157406529530603,0.0,0.0,0.0,0.0,0.7031913852576355,0.3939546891444623,0.0,0.0,0.0,0.0,0.0,0.0,0.0,0.0,0.0,0.0,0.0,0.0,0.0,0.0,0.3173327036849277,0.0,0.0,0.0,0.0,0.0,0.0,0.0,0.0,0.0,0.0,0.0,0.0,0.0,0.0,0.0,0.0,0.0,0.0,0.0,0.0,0.0,0.0,0.0,0.0,0.5173574767965207,0.0,0.0,0.0,0.0,0.0,0.0,0.0,0.8518724929117667,0.0,0.0,0.576063444153325
0.730153238848653,0.45151795175604403,0.0,0.0,0.0,0.0,0.0,0.0,0.0,0.8947891923719228,0.0,0.0,0.0,0.0,0.0,0.5984647720672287,0.7809331660016756,0.0,0.6842340031643308,0.5721695542699828,0.0,0.5255922726157161,0.7355505394164297,0.3565985992074082,0.0,0.0,0.0,0.7794207022739679,0.0,0.37920842536405375,0.0,0.6201653811579177,0.0,0.0,0.0,0.7394085083921522,0.0,0.5118090189383335,0.0,0.0,0.5758479232195386,0.8839066390758933,0.6088374678265818,0.5730094229502958,0.0,0.0,0.0,0.0,0.0,0.0,0.0,0.0,0.0,0.44472309405216515,0.0,0.0,0.0,0.0,0.0,0.0
0.946921996044763,0.5195496308192851,0.0,0.0,0.0,0.0,0.5766058673699901,0.8654810281585481,0.0,0.7374534594433824,0.0,0.0,0.0,0.0,0.0,0.9063546011329043,0.0,0.608609864271545,0.6995140015868024,0.0,0.6574054158234872,0.0,0.0,0.0,0.0,0.6311693615032907,0.0,0.0,0.0,0.6603204758320314,0.0,0.0,0.0,0.0,0.0,0.0,0.0,0.0,0.0,0.0,0.0,0.694258821140078,0.0,0.0,0.0,0.0,0.0,0.0,0.0,0.0,0.0,0.8503838384580771,0.0,0.0,0.0,0.0,0.8518724929117667,0.0,0.0,0.0
0.0,0.0,0.0,0.0,0.0,0.0,0.0,0.0,0.0,0.0,0.0,0.0,0.6483128376707817,0.0,0.0,0.0,0.0,0.0,0.0,0.0,0.0,0.6916776170922372,0.0,0.0,0.0,0.0,0.0,0.0,0.0,0.0,0.0,0.659815252650725,0.0,0.0,0.0,0.0,0.0,0.0,0.8458331583709564,0.0,0.0,0.0,0.0,0.0,0.0,0.0,0.0,0.0,0.0,0.0,0.0,0.0,0.6684987639373741,0.0,0.0,0.0,0.0,0.6863955643186973,0.0,0.0
0.0,0.0,0.0,0.824444728570105,0.0,0.0,0.8963785328492133,0.0,0.0,0.8947891923719228,0.0,0.0,0.0,0.0,0.6595234174169082,0.0,0.0,0.0,0.0,0.8697651747555404,0.0,0.0,0.0,0.0,0.9204390744853456,0.0,0.0,0.8307214526724975,0.0,0.0,0.0,0.0,0.0,0.0,0.0,0.0,0.5998634549814097,0.0,0.47442166621698967,0.6802209925654543,0.0,0.0,0.0,0.7712622617729219,0.0,0.8308182709842886,0.0,0.0,0.0,0.0,0.0,0.0,0.0,0.0,0.0,0.0,0.0,0.0,0.4466320463610237,0.5098186084551362
0.0,0.0,0.0,0.0,0.6826497532570126,0.0,0.0,0.0,0.0,0.0,0.0,0.0,0.0,0.0,0.6451418546975977,0.0,0.0,0.0,0.8276394338671869,0.0,0.0,0.0,0.0,0.0,0.0,0.0,0.0,0.0,0.0,0.0,0.0,0.0,0.0,0.0,0.0,0.0,0.0,0.0,0.0,0.0,0.0,0.0,0.0,0.5614558712179134,0.0,0.0,0.0,0.0,0.0,0.5940198725527281,0.0,0.0,0.5102111990755109,0.0,0.4160437866568395,0.0,0.0,0.0,0.0,0.9833327681704788
0.7930766458229712,0.0,0.0,0.0,0.0,0.5585633288229757,0.715856711403416,0.4632548521083014,0.0,0.8548472733919467,0.0,0.636425021616369,0.0,0.0,0.7068715242637438,0.0,0.4633527436406206,0.0,0.0,0.0,0.0,0.0,0.8996681366810184,0.0,0.595438435919511,0.0,0.0,0.0,0.0,0.0,0.0,0.6474743446628175,0.6884010669516456,0.0,0.0,0.0,0.0,0.0,0.0,0.5971866268408864,0.0,0.0,0.0,0.5848844102069408,0.0,0.0,0.7037735948494337,0.0,0.0,0.0,0.0,0.0,0.7548328519378033,0.0,0.0,0.3032277269922167,0.5506206965645006,0.702766519249617,0.0,0.5103856585197478
0.0,0.0,0.0,0.0,0.0,0.0,0.0,0.0,0.0,0.0,0.0,0.0,0.0,0.0,0.0,0.0,0.0,0.0,0.0,0.0,0.0,0.0,0.0,0.0,0.0,0.0,0.0,0.0,0.0,0.0,0.0,0.0,0.4108532482675705,0.0,0.9315185864224893,0.0,0.0,0.0,0.0,0.0,0.0,0.0,0.0,0.0,0.0,0.0,0.0,0.0,0.0,0.0,0.0,0.0,0.0,0.0,0.0,0.0,0.0,0.0,0.0,0.0
0.0,0.0,0.0,0.0,0.7011876493647478,0.0,0.0,0.0,0.0,0.0,0.0,0.0,0.0,0.7181422852209488,0.0,0.0,0.0,0.0,0.0,0.8697651747555404,0.0,0.0,0.0,0.0,0.0,0.0,0.8635150518201673,0.0,0.0,0.0,0.9860448321580564,0.7436298333871703,0.7829887213141378,0.0,0.0,0.6651984550489694,0.0,0.0,0.0,0.0,0.0,0.0,0.0,0.0,0.0,0.0,0.0,0.6080849961841821,0.7611356142163951,0.5940198725527281,0.0,0.5729344361874411,0.8589572068092494,0.0,0.0,0.0,0.0,0.7584472271345487,0.0,0.0
0.0,0.0,0.6547513597181771,0.8557098294171632,0.0,0.0,0.0,0.0,0.0,0.0,0.0,0.0,0.0,0.0,0.8389897416701009,0.641155380799743,0.0,0.0,0.0,0.0,0.0,0.0,0.0,0.0,0.0,0.0,0.0,0.0,0.0,0.0,0.0,0.0,0.0,0.0,0.0,0.9110734825915069,0.0,0.0,0.0,0.0,0.0,0.0,0.0,0.0,0.0,0.0,0.0,0.0,0.0,0.0,0.617274388899702,0.0,0.0,0.0,0.0,0.0,0.0,0.0,0.0,0.0
0.0,0.0,0.0,0.0,0.6694114023560931,0.0,0.0,0.8213812825745335,0.0,0.8237351026388059,0.0,0.0,0.5599047146955809,0.0,0.0,0.0,0.0,0.7921870111240917,0.0,0.0,0.0,0.0,0.0,0.0,0.0,0.0,0.0,0.0,0.0,0.0,0.0,0.0,0.0,0.0,0.0,0.0,0.0,0.0,0.0,0.0,0.0,0.0,0.0,0.0,0.0,0.0,0.0,0.0,0.7410478909223197,0.0,0.0,0.0,0.0,0.0,0.0,0.0,0.0,0.0,0.0,0.0
0.0,0.4991681347539024,0.0,0.7338803777869357,0.0,0.0,0.0,0.0,0.0,0.0,0.0,0.0,0.0,0.0,0.0,0.7149902821463406,0.48813114741962405,0.0,0.0,0.0,0.0,0.0,0.668437762700664,0.6449864263748064,0.0,0.0,0.0,0.0,0.4135490695957523,0.0,0.0,0.0,0.0,0.0,0.0,0.0,0.0,0.6280720042939056,0.0,0.561526952258382,0.0,0.0,0.0,0.0,0.0,0.0,0.0,0.0,0.7699047910011572,0.0,0.7288522421116055,0.712972134114928,0.0,0.0,0.0,0.0,0.0,0.0,0.7474452378484782,0.40023154185707555
0.0,0.0,0.7013419620762777,0.0,0.8288602299517585,0.0,0.6136548284946239,0.0,0.0,0.0,0.0,0.6650570721650364,0.0,0.0,0.0,0.0,0.0,0.0,0.0,0.0,0.0,0.0,0.0,0.0,0.0,0.0,0.0,0.0,0.0,0.0,0.0,0.0,0.6792101857553343,0.0,0.0,0.0,0.0,0.0,0.0,0.4188447828641846,0.0,0.0,0.0,0.0,0.0,0.0,0.0,0.0,0.7927711284491923,0.0,0.0,0.0,0.5642327805914621,0.0,0.0,0.0,0.0,0.0,0.0,0.0
0.0,0.0,0.0,0.0,0.0,0.0,0.0,0.0,0.0,0.0,0.0,0.0,0.6896515831314391,0.0,0.0,0.0,0.0,0.0,0.0,0.0,0.0,0.0,0.0,0.0,0.0,0.0,0.893361081586747,0.0,0.0,0.0,0.0,0.0,0.0,0.0,0.0,0.7315003268128675,0.0,0.589719079178726,0.0,0.0,0.0,0.8371432176747153,0.0,0.0,0.0,0.0,0.0,0.0,0.0,0.0,0.595622569116545,0.9511635812682915,0.0,0.0,0.7373307385743106,0.0,0.0,0.0,0.0,0.0
0.0,0.0,0.0,0.8615068713864261,0.0,0.0,0.0,0.0,0.0,0.0,0.0,0.0,0.0,0.0,0.0,0.0,0.0,0.0,0.0,0.0,0.0,0.0,0.0,0.0,0.0,0.0,0.0,0.0,0.0,0.0,0.0,0.0,0.0,0.0,0.0,0.0,0.0,0.0,0.0,0.0,0.0,0.0,0.0,0.0,0.0,0.0,0.0,0.0,0.7049471322020766,0.0,0.0,0.0,0.0,0.0,0.0,0.0,0.0,0.0,0.0,0.0
0.0,0.34489127409710474,0.4077134338991366,0.0,0.0,0.0,0.0,0.0,0.0,0.682085995838887,0.9128169553923375,0.7506272570895974,0.4052867412381175,0.0,0.0,0.0,0.0,0.5795077151070883,0.0,0.0,0.5726489137805751,0.0,0.0,0.0,0.0,0.5950753649058755,0.0,0.0,0.48417512058064494,0.0,0.0,0.7895853197352667,0.0,0.7628161919217313,0.0,0.0,0.0,0.0,0.0,0.602833301491456,0.0,0.7289323544746535,0.0,0.0,0.0,0.0,0.0,0.6344902597522843,0.688461567706681,0.4478950608062783,0.0,0.0,0.0,0.4630340399252476,0.0,0.3032277269922167,0.0,0.0,0.0,0.3364656778908426
0.0,0.0,0.0,0.7745678520556041,0.0,0.0,0.0,0.0,0.0,0.0,0.0,0.0,0.0,0.0,0.0,0.0,0.0,0.769378582205515,0.7166418604621068,0.0,0.0,0.8420844903181485,0.0,0.0,0.0,0.0,0.0,0.0,0.0,0.0,0.0,0.0,0.0,0.0,0.7089850450482416,0.0,0.0,0.0,0.0,0.6363262264118799,0.0,0.0,0.0,0.6961563677000302,0.0,0.7147325069916757,0.6425785637256386,0.0,0.8184957157414152,0.0,0.0,0.8200416831748563,0.0,0.6708610593092932,0.0,0.0,0.6232484129347633,0.6371608373934649,0.0,0.0
0.0,0.0,0.0,0.0,0.0,0.0,0.0,0.0,0.0,0.0,0.0,0.0,0.0,0.37505501952609377,0.0,0.0,0.0,0.6787738517095185,0.0,0.0,0.0,0.0,0.0,0.0,0.0,0.0,0.0,0.0,0.455871976251919,0.7254418474366904,0.7350570878292896,0.0,0.4317517224635634,0.0,0.0,0.0,0.0,0.0,0.0,0.0,0.0,0.0,0.0,0.0,0.0,0.0,0.0,0.0,0.0,0.0,0.583441352739013,0.0,0.0,0.0,0.0,0.0,0.0,0.7727286689416993,0.0,0.0
0.0,0.0,0.0,0.0,0.0,0.0,0.7368221294532565,0.5900056661546633,0.0,0.0,0.8060905281656887,0.0,0.0,0.0,0.0,0.0,0.4727521666634851,0.0,0.0,0.9165667350126168,0.0,0.0,0.8266031061493353,0.0,0.0,0.0,0.6859488241071982,0.0,0.0,0.6197135016056678,0.0,0.0,0.0,0.0,0.0,0.5020964696867445,0.0,0.0,0.0,0.0,0.5000950247925329,0.7233732992834112,0.0,0.0,0.0,0.0,0.3981279896094415,0.0,0.688461567706681,0.0,0.0,0.7399711473596418,0.0,0.0,0.0,0.0,0.0,0.0,0.0,0.0
0.0,0.0,0.0,0.0,0.0,0.0,0.0,0.0,0.0,0.0,0.0,0.0,0.0,0.0,0.0,0.0,0.0,0.0,0.0,0.0,0.0,0.0,0.0,0.4033136188430888,0.0,0.0,0.0,0.0,0.364449298818727,0.8118984871433044,0.0,0.5690409969276775,0.0,0.0,0.0,0.0,0.0,0.0,0.0,0.0,0.0,0.0,0.0,0.0,0.0,0.0,0.0,0.48658265493270236,0.0,0.0,0.0,0.6361525102538994,0.0,0.0,0.0,0.0,0.0,0.0,0.0,0.0
0.0,0.0,0.0,0.0,0.0,0.0,0.0,0.0,0.0,0.0,0.0,0.7036670199027076,0.0,0.0,0.0,0.0,0.0,0.0,0.0,0.0,0.0,0.0,0.0,0.0,0.0,0.0,0.0,0.0,0.0,0.0,0.0,0.0,0.0,0.0,0.0,0.0,0.0,0.0,0.0,0.0,0.0,0.0,0.0,0.0,0.0,0.0,0.0,0.0,0.0,0.0,0.0,0.7711223125891499,0.0,0.0,0.0,0.0,0.0,0.0,0.0,0.0
0.0,0.0,0.0,0.0,0.0,0.0,0.0,0.0,0.0,0.0,0.0,0.0,0.0,0.0,0.0,0.0,0.0,0.769378582205515,0.0,0.0,0.8682007241784779,0.0,0.0,0.0,0.0,0.0,0.0,0.0,0.0,0.0,0.0,0.0,0.0,0.0,0.0,0.0,0.0,0.0,0.0,0.0,0.0,0.0,0.0,0.0,0.0,0.0,0.0,0.0,0.0,0.0,0.0,0.0,0.0,0.0,0.0,0.0,0.0,0.0,0.0,0.0
0.7827841499887085,0.0,0.0,0.802059739635475,0.0,0.0,0.48937547213781285,0.0,0.33463612873104187,0.0,0.0,0.0,0.78478815122577,0.0,0.0,0.0,0.0,0.591571595436285,0.0,0.8697651747555404,0.0,0.0,0.717274838044186,0.0,0.7424540024214153,0.0,0.0,0.0,0.0,0.0,0.0,0.0,0.0,0.0,0.0,0.0,0.0,0.0,0.0,0.5392846718462438,0.8002376806372673,0.0,0.0,0.0,0.0,0.0,0.0,0.0,0.0,0.412479671740716,0.0,0.0,0.0,0.0,0.0,0.0,0.0,0.0,0.5712997458766653,0.5754086710531419
0.0,0.0,0.5766837782266696,0.0,0.0,0.7263828684825229,0.7012315419166233,0.0,0.609219906865748,0.0,0.0,0.0,0.0,0.0,0.0,0.757575866034387,0.5550390154653451,0.0,0.8985513171974319,0.6580042256014631,0.0,0.0,0.531029300272457,0.0,0.3470605381287264,0.0,0.45353120758852883,0.0,0.0,0.0,0.8262336433325003,0.0,0.0,0.0,0.0,0.8661795026970718,0.8002733234127557,0.0,0.0,0.0,0.0,0.0,0.0,0.0,0.0,0.7328342414019822,0.0,0.0,0.0,0.3403181553825383,0.0,0.8200416831748563,0.0,0.0,0.0,0.5822579748606,0.5900509279876032,0.7801188000783414,0.0,0.0
0.0,0.41761916003862665,0.0,0.0,0.6694114023560931,0.0,0.0,0.0,0.0,0.0,0.7599981598673426,0.0,0.6445901804214997,0.7561890663229621,0.0,0.5430870315596443,0.3276833169986405,0.0,0.0,0.0,0.0,0.0,0.0,0.0,0.0,0.6775655723932232,0.6816105232261147,0.8539014941394316,0.6624726769993163,0.0,0.0,0.0,0.0,0.0,0.0,0.6804814958385086,0.0,0.0,0.0,0.0,0.0,0.0,0.0,0.781644676935137,0.8053573801567615,0.7380411149956054,0.9525667111453083,0.0,0.47755975920281457,0.0,0.0,0.0,0.0,0.0,0.0,0.0,0.7720926540100679,0.7385659890546215,0.0,0.6842117744703882
0.7493662542595828,0.0,0.0,0.0,0.7565070413909984,0.0,0.0,0.6867982219314818,0.0,0.0,0.0,0.0,0.0,0.0,0.0,0.0,0.0,0.0,0.8596142287921464,0.0,0.9487267039003513,0.0,0.0,0.0,0.0,0.0,0.0,0.0,0.3043530394143824,0.0,0.0,0.0,0.0,0.0,0.0,0.0,0.0,0.0,0.0,0.45939051655023355,0.0,0.0,0.0,0.0,0.0,0.0,0.6503574441067383,0.0,0.0,0.0,0.0,0.0,0.0,0.0,0.0,0.0,0.0,0.0,0.0,0.0
0.0,0.0,0.0,0.8291774409711179,0.6848987132806899,0.0,0.0,0.9563577473688784,0.4682960587037043,0.0,0.0,0.8205932974868059,0.0,0.7561890663229621,0.9230305041756088,0.7193410241432185,0.0,0.0,0.0,0.6637874328738661,0.0,0.0,0.8583437865921202,0.0,0.9204390744853456,0.7430252154512234,0.0,0.0,0.5039402190985524,0.0,0.0,0.0,0.5723247669982197,0.0,0.0,0.703507292672479,0.8589654462885579,0.0,0.0,0.5333723257197697,0.0,0.0,0.0,0.0,0.0,0.5773624987856074,0.0,0.0,0.0,0.0,0.0,0.0,0.0,0.0,0.0,0.0,0.6712778656010134,0.7727286689416993,0.0,0.0
0.0,0.0,0.7746039565929507,0.6986370073701416,0.0,0.0,0.0,0.5900056661546633,0.0,0.0,0.0,0.0,0.0,0.7986142293518954,0.0,0.0,0.0,0.0,0.0,0.0,0.0,0.0,0.0,0.0,0.0,0.7676985576753563,0.0,0.0,0.0,0.4384110229545298,0.0,0.0,0.3388692299727134,0.0,0.8137482778453471,0.0,0.6835995343565147,0.0,0.768121982374623,0.0,0.9004762127068187,0.8467757576274078,0.0,0.0,0.0,0.0,0.0,0.0,0.0,0.0,0.0,0.0,0.0,0.0,0.321026613848464,0.0,0.0,0.0,0.0,0.47111229605601446
0.0,0.0,0.0,0.0,0.9036214707926865,0.7657643608247191,0.0,0.0,0.0,0.0,0.0,0.0,0.0,0.7181422852209488,0.0,0.0,0.0,0.0,0.0,0.6580042256014631,0.0,0.8420844903181485,0.0,0.30283815547741655,0.0,0.0,0.7147424691259696,0.0,0.0,0.0,0.7546538227126888,0.0,0.0,0.0,0.0,0.6965332398736281,0.0,0.0,0.6740665943139221,0.0,0.0,0.0,0.0,0.0,0.0,0.0,0.0,0.0,0.7611356142163951,0.0,0.6443612881137705,0.0,0.0,0.0,0.0,0.55785567918107,0.0,0.0,0.7063742311809329,0.0
0.0,0.0,0.0,0.0,0.0,0.0,0.0,0.0,0.0,0.0,0.0,0.0,0.0,0.0,0.9230305041756088,0.0,0.5121575277222683,0.0,0.0,0.0,0.0,0.0,0.0,0.0,0.0,0.0,0.0,0.0,0.0,0.0,0.717501764093113,0.0,0.0,0.0,0.0,0.0,0.0,0.0,0.0,0.7131923752829726,0.0,0.7233732992834112,0.7926159924769502,0.0,0.0,0.0,0.0,0.0,0.0,0.0,0.0,0.0,0.0,0.0,0.0,0.0,0.0,0.0,0.0,0.0
0.0,0.0,0.0,0.0,0.0,0.0,0.0,0.0,0.0,0.0,0.0,0.0,0.0,0.0,0.0,0.0,0.0,0.0,0.0,0.0,0.0,0.0,0.0,0.0,0.0,0.0,0.0,0.0,0.0,0.0,0.0,0.0,0.0,0.0,0.0,0.0,0.0,0.5221606609016453,0.0,0.0,0.0,0.0,0.0,0.0,0.0,0.0,0.0,0.0,0.0,0.0,0.0,0.0,0.0,0.0,0.0,0.0,0.0,0.0,0.3948420932396337,0.0
0.0,0.2725610384684398,0.0,0.7979612578567563,0.0,0.0,0.8246791271568568,0.0,0.4640047399370165,0.0,0.8338648644414386,0.5441346305175812,0.0,0.0,0.7468682226338639,0.0,0.40669592767118934,0.5960368354100359,0.0,0.6886142108148561,0.0,0.0,0.0,0.0,0.6307711537965264,0.0,0.0,0.0,0.0,0.268301852442568,0.9860448321580564,0.0,0.0,0.0,0.0,0.0,0.0,0.5777081175419629,0.7474778919423595,0.0,0.0,0.0,0.0,0.0,0.5394413712234234,0.7733338521806701,0.0,0.0,0.7410478909223197,0.0,0.3970728844977168,0.0,0.9005360894040012,0.0,0.0,0.0,0.0,0.0,0.0,0.0
0.0,0.0,0.0,0.0,0.0,0.0,0.0,0.0,0.5073448658645536,0.0,0.7040255361233648,0.0,0.0,0.7364781387048335,0.7900578729446158,0.0,0.0,0.81782909577669,0.0,0.0,0.0,0.0,0.9918463016330755,0.0,0.0,0.0,0.0,0.0,0.0,0.0,0.0,0.0,0.0,0.7475245731056366,0.0,0.8053004224493462,0.6998179641294064,0.8527941373108817,0.0,0.8334425432345439,0.5758479232195386,0.0,0.0,0.0,0.0,0.9071428116258866,0.0,0.0,0.0,0.0,0.6443612881137705,0.0,0.0,0.8220461921705539,0.0,0.39625468981733114,0.6967810059442604,0.7323206060956287,0.9384865227335356,0.7004633521868469
0.0,0.0,0.0,0.0,0.0,0.0,0.0,0.0,0.7045496339315428,0.0,0.7710914664479753,0.9116074941335958,0.0,0.0,0.0,0.7331094994739931,0.0,0.0,0.0,0.0,0.5231655957178869,0.0,0.0,0.9223170709992813,0.0,0.0,0.0,0.0,0.0,0.0,0.0,0.0,0.0,0.0,0.0,0.0,0.0,0.0,0.0,0.7131923752829726,0.0,0.0,0.0,0.0,0.0,0.0,0.9119654436688217,0.0,0.0,0.0,0.0,0.0,0.0,0.0,0.0,0.0,0.0,0.0,0.0,0.0
0.0,0.0,0.0,0.0,0.0,0.0,0.0,0.0,0.0,0.0,0.0,0.0,0.0,0.0,0.0,0.0,0.0,0.0,0.0,0.0,0.0,0.0,0.0,0.0,0.0,0.0,0.0,0.0,0.0,0.0,0.0,0.0,0.0,0.0,0.0,0.0,0.0,0.0,0.0,0.0,0.0,0.7110749778045264,0.0,0.0,0.0,0.0,0.0,0.0,0.0,0.0,0.0,0.0,0.0,0.0,0.0,0.7252426517225921,0.0,0.0,0.0,0.0
0.0,0.0,0.0,0.0,0.0,0.0,0.0,0.0,0.0,0.0,0.0,0.0,0.0,0.0,0.0,0.0,0.0,0.0,0.0,0.0,0.0,0.0,0.0,0.0,0.0,0.0,0.0,0.4420172283890025,0.0,0.0,0.0,0.0,0.0,0.559836574457292,0.9315185864224893,0.0,0.0,0.0,0.0,0.0,0.0,0.0,0.6885648166573346,0.6289487271134073,0.0,0.0,0.0,0.0,0.0,0.0,0.0,0.0,0.0,0.0,0.0,0.0,0.0,0.9086340212169302,0.0,0.0
0.0,0.0,0.5408667117453229,0.0,0.0,0.0,0.0,0.0,0.0,0.0,0.0,0.0,0.0,0.0,0.0,0.0,0.0,0.0,0.0,0.0,0.0,0.0,0.0,0.0,0.0,0.0,0.0,0.0,0.0,0.0,0.0,0.0,0.0,0.0,0.0,0.0,0.0,0.0,0.0,0.0,0.0,0.0,0.0,0.0,0.0,0.0,0.0,0.0,0.0,0.0,0.0,0.0,0.0,0.0,0.0,0.0,0.5780305204830267,0.0,0.0,0.0
0.0,0.0,0.0,0.0,0.0,0.0,0.0,0.0,0.0,0.0,0.8503366553462793,0.8896063185383434,0.0,0.0,0.5926619299801933,0.0,0.3983275623381518,0.8851686526007012,0.7770467206843016,0.0,0.616110629077754,0.48527938821329597,0.0,0.8818248649593777,0.662850093977098,0.0,0.0,0.0,0.5924766187959369,0.0,0.0,0.0,0.7491891052543229,0.0,0.0,0.0,0.0,0.0,0.0,0.0,0.0,0.0,0.0,0.0,0.0,0.9628847394289839,0.0,0.0,0.688461567706681,0.40433242166280103,0.8169122980429777,0.7599687432740037,0.0,0.4819918511461422,0.5539112858433681,0.0,0.7206109493129242,0.0,0.0,0.0
0.0,0.0,0.0,0.0,0.0,0.0,0.0,0.0,0.0,0.0,0.0,0.0,0.0,0.0,0.0,0.0,0.0,0.7836351191748956,0.0,0.0,0.0,0.0,0.0,0.0,0.0,0.0,0.0,0.0,0.0,0.0,0.0,0.0,0.0,0.0,0.0,0.0,0.0,0.0,0.0,0.0,0.0,0.0,0.0,0.0,0.0,0.0,0.0,0.0,0.0,0.24159368665741132,0.0,0.0,0.0,0.0,0.0,0.0,0.0,0.0,0.0,0.0
0.0,0.0,0.7534165934545626,0.0,0.0,0.0,0.0,0.0,0.0,0.7334117143576029,0.0,0.0,0.0,0.0,0.0,0.0,0.0,0.0,0.7770467206843016,0.0,0.0,0.0,0.0,0.0,0.0,0.0,0.0,0.0,0.0,0.0,0.0,0.0,0.0,0.0,0.6754845211789953,0.0,0.0,0.0,0.0,0.0,0.0,0.0,0.7832239094741313,0.0,0.0,0.9071428116258866,0.0,0.0,0.7299188914340339,0.0,0.0,0.0,0.0,0.0,0.0,0.0,0.6807168053965655,0.0,0.0,0.0
0.0,0.4161913350712536,0.0,0.0,0.0,0.7258947914757043,0.0,0.0,0.0,0.7787971836566097,0.7399983014150453,0.0,0.0,0.0,0.7468682226338639,0.0,0.29431573791245036,0.7228470428545608,0.62544448309713,0.7412315519495183,0.0,0.5817449244801938,0.0,0.0,0.0,0.8157068636489416,0.7328448785436663,0.7794207022739679,0.5141241864138613,0.0,0.0,0.0,0.0,0.7628161919217313,0.0,0.0,0.0,0.0,0.0,0.0,0.0,0.8170309631367785,0.0,0.0,0.0,0.0,0.0,0.0,0.7049471322020766,0.0,0.6941877919246789,0.9511635812682915,0.0,0.0,0.7153864741406641,0.0,0.0,0.0,0.0,0.0
0.0,0.5518565438992942,0.0,0.0,0.0,0.0,0.0,0.0,0.0,0.0,0.0,0.0,0.0,0.0,0.0,0.0,0.6653214643244199,0.0,0.0,0.0,0.517683764638881,0.0,0.6000831121308563,0.0,0.0,0.0,0.0,0.0,0.37065485921635,0.0,0.0,0.0,0.0,0.0,0.0,0.0,0.0,0.0,0.0,0.0,0.5640011287138216,0.0,0.0,0.0,0.0,0.0,0.0,0.0,0.0,0.0,0.0,0.0,0.0,0.0,0.0,0.0,0.0,0.0,0.0,0.0
0.0,0.0,0.0,0.0,0.0,0.0,0.0,0.0,0.3696898233329996,0.0,0.0,0.0,0.0,0.0,0.0,0.6701978460819618,0.0,0.711579753925737,0.0,0.6729509062748302,0.0,0.4212623148627015,0.0,0.0,0.0,0.0,0.0,0.0,0.0,0.0,0.0,0.0,0.0,0.0,0.5587634375920623,0.0,0.0,0.47242968810787644,0.58314581079486,0.7311903766681275,0.0,0.0,0.0,0.0,0.0,0.0,0.0,0.0,0.4059092618090894,0.46631482699806703,0.0,0.0,0.6256913967206321,0.0,0.0,0.47512706258330206,0.0,0.0,0.0,0.683333303587417
0.0,0.0,0.0,0.0,0.7779891424002758,0.0,0.0,0.0,0.0,0.0,0.0,0.0,0.0,0.0,0.0,0.0,0.0,0.0,0.0,0.0,0.0,0.0,0.0,0.0,0.0,0.0,0.0,0.0,0.0,0.0,0.0,0.0,0.0,0.0,0.0,0.0,0.0,0.0,0.0,0.0,0.0,0.0,0.711888690648353,0.0,0.0,0.0,0.0,0.0,0.0,0.0,0.0,0.0,0.0,0.0,0.0,0.0,0.0,0.0,0.0,0.0
0.0,0.0,0.6116658959303826,0.0,0.0,0.0,0.0,0.0,0.0,0.0,0.0,0.0,0.0,0.0,0.0,0.0,0.0,0.0,0.0,0.0,0.0,0.0,0.0,0.0,0.0,0.0,0.0,0.0,0.0,0.0,0.0,0.0,0.0,0.0,0.0,0.0,0.0,0.0,0.0,0.0,0.0,0.0,0.0,0.0,0.0,0.0,0.0,0.0,0.0,0.0,0.0,0.0,0.0,0.0,0.0,0.0,0.0,0.0,0.0,0.36776412361908717
0.0,0.0,0.0,0.0,0.0,0.0,0.0,0.19881048046375527,0.0,0.0,0.0,0.656760673737198,0.5921812414162119,0.8284081255406628,0.7635168012575504,0.0,0.0,0.0,0.8276394338671869,0.7225813457850123,0.9487267039003513,0.6463579609238728,0.0,0.0,0.0,0.0,0.0,0.0,0.0,0.0,0.859268861688313,0.0,0.0,0.0,0.7267058288115642,0.0,0.0,0.6972301765201037,0.768121982374623,0.0,0.0,0.0,0.0,0.0,0.0,0.0,0.0,0.0,0.0,0.0,0.0,0.0,0.0,0.0,0.0,0.0,0.0,0.0,0.0,0.5306623852525145
0.0,0.0,0.0,0.7157120239496153,0.0,0.0,0.0,0.5853861480670013,0.0,0.0,0.0,0.0,0.0,0.801395439678569,0.0,0.6979560640055449,0.0,0.5133648577687164,0.8575505870760567,0.0,0.0,0.5255922726157161,0.8996681366810184,0.0,0.0,0.0,0.7147424691259696,0.0,0.0,0.4665041510367467,0.0,0.0,0.0,0.882765870219074,0.0,0.0,0.0,0.0,0.0,0.0,0.6393131333652117,0.8714607781673425,0.0,0.0,0.0,0.6816015977313102,0.0,0.0,0.7120003381873148,0.0,0.6345945996459502,0.0,0.7173463789175012,0.0,0.0,0.41305162103676696,0.0,0.7801188000783414,0.0,0.5306623852525145
0.0,0.0,0.0,0.0,0.6848987132806899,0.0,0.0,0.0,0.0,0.0,0.0,0.0,0.5457796351408031,0.0,0.0,0.0,0.0,0.0,0.0,0.0,0.0,0.0,0.0,0.0,0.0,0.0,0.6662757741482521,0.893488153641529,0.0,0.0,0.0,0.0,0.36984613380788267,0.0,0.0,0.0,0.0,0.0,0.0,0.0,0.408472330117028,0.0,0.0,0.0,0.0,0.0,0.0,0.0,0.0,0.0,0.0,0.0,0.0,0.0,0.0,0.9328553831825135,0.6102029266962428,0.0,0.0,0.0
0.0,0.0,0.0,0.0,0.7367723021941557,0.0,0.8559951096160913,0.0,0.3733349529533224,0.0,0.0,0.6716507422068045,0.0,0.801395439678569,0.5709595628468814,0.0,0.0,0.0,0.0,0.0,0.0,0.0,0.8583437865921202,0.8386474745839696,0.0,0.0,0.0,0.670371077444182,0.0,0.0,0.0,0.810987666198499,0.28090758933439375,0.0,0.0,0.0,0.8271105979517956,0.0,0.83803523549202,0.49231763236825254,0.8265208491984654,0.0,0.596257351055997,0.6157096838186517,0.0,0.0,0.0,0.0,0.0,0.0,0.0,0.0,0.0,0.0,0.6853650672637935,0.3039336241653623,0.0,0.702766519249617,0.0,0.0
0.0,0.0,0.0,0.0,0.0,0.0,0.0,0.0,0.0,0.0,0.0,0.0,0.0,0.0,0.0,0.0,0.0,0.0,0.0,0.0,0.0,0.0,0.0,0.0,0.0,0.0,0.0,0.0,0.0,0.0,0.0,0.0,0.0,0.0,0.0,0.0,0.0,0.0,0.0,0.0,0.0,0.0,0.0,0.0,0.0,0.7522550856884155,0.0,0.0,0.0,0.0,0.0,0.0,0.6392966170259127,0.0,0.0,0.0,0.0,0.0,0.0,0.0
0.0,0.4161913350712536,0.0,0.4811740690046652,0.0,0.0,0.0,0.0,0.0,0.0,0.0,0.0,0.0,0.0,0.0,0.0,0.3738932022075222,0.9174544873753784,0.7757415882461125,0.0,0.0,0.0,0.0,0.0,0.0,0.0,0.0,0.0,0.0,0.0,0.0,0.0,0.0,0.0,0.0,0.0,0.0,0.7958687529797372,0.0,0.0,0.0,0.0,0.0,0.0,0.0,0.0,0.0,0.0,0.7049471322020766,0.0,0.0,0.0,0.0,0.0,0.0,0.0,0.0,0.0,0.0,0.5530970984843118
0.0,0.0,0.0,0.0,0.0,0.8414639935530492,0.0,0.0,0.0,0.0,0.0,0.0,0.0,0.0,0.8448365483996342,0.9649209568114726,0.0,0.0,0.9829168140449097,0.0,0.0,0.0,0.0,0.26785613609200365,0.0,0.0,0.0,0.681653061244983,0.45785177878000205,0.0,0.7759581585741253,0.0,0.0,0.0,0.7661417010119717,0.0,0.0,0.0,0.0,0.0,0.0,0.0,0.0,0.0,0.0,0.0,0.0,0.0,0.46807537638851393,0.0,0.0,0.0,0.0,0.0,0.6550432767753074,0.5466881863083284,0.0,0.6236328150316348,0.8726575792809474,0.0
0.0,0.0,0.0,0.0,0.0,0.0,0.9037576416253298,0.0,0.0,0.0,0.0,0.0,0.0,0.0,0.0,0.757575866034387,0.0,0.0,0.0,0.0,0.0,0.0,0.0,0.4203150532762381,0.0,0.0,0.0,0.0,0.0,0.0,0.0,0.0,0.0,0.6308710810373848,0.0,0.0,0.6685022694789817,0.0,0.0,0.0,0.0,0.0,0.0,0.0,0.0,0.0,0.0,0.0,0.0,0.0,0.0,0.0,0.0,0.0,0.0,0.7092967155886141,0.0,0.0,0.0,0.0
0.0,0.43357916948095454,0.0,0.682478893100279,0.0,0.0,0.0,0.5976262356779226,0.0,0.0,0.0,0.0,0.6209434604875179,0.0,0.0,0.0,0.3351618826797379,0.0,0.0,0.0,0.8495707777959274,0.0,0.0,0.0,0.0,0.43782917196470417,0.0,0.0,0.6311161344976006,0.32517989127547653,0.0,0.7639371644474928,0.0,0.0,0.0,0.0,0.0,0.0,0.0,0.0,0.0,0.0,0.0,0.0,0.8053573801567615,0.5115100232013501,0.0,0.0,0.0,0.0,0.0,0.0,0.0,0.39035456392998447,0.0,0.0,0.4414825353167775,0.0,0.0,0.0
0.0,0.0,0.0,0.0,0.6848987132806899,0.0,0.0,0.7138101220959787,0.0,0.0,0.0,0.759556170606642,0.0,0.7561890663229621,0.0,0.0,0.0,0.0,0.0,0.0,0.0,0.6465352801225008,0.0,0.0,0.0,0.5352032273198423,0.0,0.0,0.0,0.0,0.0,0.0,0.0,0.0,0.0,0.0,0.0,0.5621991708435815,0.0,0.0,0.0,0.8467757576274078,0.0,0.0,0.0,0.0,0.0,0.6629579103198645,0.0,0.4385909369115094,0.0,0.7309554018484318,0.0,0.0,0.0,0.5157393268418681,0.8518724929117667,0.892054375165032,0.0,0.0
0.7930766458229712,0.6986155988676832,0.0,0.0,0.0,0.0,0.0,0.0,0.0,0.0,0.8060905281656887,0.6424902307721616,0.0,0.0,0.0,0.8940257612859495,0.0,0.0,0.0,0.6886142108148561,0.7044140580016064,0.0,0.0,0.0,0.0,0.0,0.0,0.7578115886643016,0.0,0.0,0.0,0.0,0.0,0.583174087675093,0.0,0.6651984550489694,0.7997270496062578,0.7322882781609152,0.0,0.6503450077636196,0.0,0.0,0.6950276626047529,0.8202197093971664,0.0,0.0,0.0,0.0,0.7224100239637986,0.0,0.0,0.0,0.8264865120834948,0.0,0.0,0.3477028281278287,0.5900509279876032,0.7959111518945445,0.0,0.0
0.0,0.0,0.0,0.7013692134538438,0.0,0.0,0.0,0.0,0.0,0.0,0.0,0.7313240522364204,0.0,0.0,0.8104629237129028,0.0,0.4151840270290571,0.0,0.0,0.6087981463572225,0.7935322037388826,0.0,0.0,0.647912848087481,0.33192070764859927,0.4862257693245896,0.9071122124299884,0.0,0.0,0.4129584164124126,0.0,0.5464300910233462,0.0,0.37250988757950054,0.0,0.0,0.0,0.0,0.6175963063173613,0.0,0.6393131333652117,0.0,0.6218358470500933,0.0,0.0,0.7522550856884155,0.0,0.0,0.0,0.0,0.0,0.0,0.0,0.0,0.6668260828004647,0.387226305694808,0.0,0.0,0.6590951861375551,0.0
0.0,0.0,0.0,0.0,0.0,0.0,0.0,0.0,0.0,0.0,0.0,0.0,0.0,0.0,0.0,0.0,0.0,0.0,0.0,0.0,0.0,0.0,0.0,0.0,0.0,0.0,0.0,0.0,0.0,0.0,0.0,0.0,0.0,0.0,0.0,0.0,0.0,0.6371369872664788,0.0,0.0,0.0,0.0,0.0,0.0,0.0,0.0,0.0,0.0,0.0,0.0,0.0,0.0,0.0,0.0,0.0,0.0,0.0,0.0,0.0,0.5996529048227538
0.0,0.0,0.0,0.0,0.0,0.0,0.0,0.0,0.0,0.0,0.0,0.0,0.0,0.0,0.7900578729446158,0.0,0.0,0.0,0.0,0.0,0.0,0.0,0.7352992580345519,0.45590934812466155,0.0,0.0,0.0,0.893488153641529,0.0,0.0,0.0,0.0,0.38592028605654716,0.0,0.6321545215794736,0.0,0.0,0.0,0.8458331583709564,0.0,0.0,0.0,0.0,0.0,0.0,0.0,0.0,0.0,0.0,0.6467014521936114,0.0,0.0,0.0,0.0,0.0,0.0,0.0,0.0,0.0,0.0
0.0,0.0,0.48115838291782376,0.0,0.0,0.0,0.0,0.0,0.5176007035763686,0.0,0.0,0.0,0.0,0.0,0.0,0.8031003790532407,0.3691352936183152,0.0,0.0,0.0,0.0,0.0,0.0,0.0,0.0,0.0,0.0,0.0,0.0,0.0,0.0,0.8148667029653771,0.48725629704195583,0.0,0.812089659692645,0.0,0.0,0.0,0.0,0.0,0.0,0.5919285215193971,0.0,0.0,0.0,0.0,0.0,0.0,0.0,0.0,0.0,0.0,0.0,0.0,0.0,0.0,0.0,0.0,0.0,0.0
0.0,0.0,0.0,0.0,0.0,0.0,0.0,0.0,0.44079602899298487,0.0,0.0,0.0,0.0,0.0,0.0,0.0,0.0,0.0,0.0,0.0,0.0,0.0,0.0,0.0,0.0,0.0,0.0,0.0,0.0,0.0,0.0,0.0,0.0,0.0,0.0,0.0,0.0,0.0,0.0,0.0,0.0,0.0,0.0,0.0,0.0,0.0,0.0,0.0,0.0,0.0,0.0,0.0,0.0,0.0,0.0,0.0,0.0,0.0,0.8161960068839312,0.0
0.0,0.0,0.0,0.6671041404180219,0.0,0.0,0.0,0.0,0.0,0.0,0.0,0.0,0.0,0.0,0.0,0.0,0.0,0.0,0.0,0.0,0.6358174209370768,0.0,0.0,0.0,0.0,0.0,0.0,0.0,0.0,0.0,0.0,0.0,0.0,0.0,0.0,0.0,0.0,0.0,0.0,0.0,0.8002376806372673,0.7843096396466798,0.0,0.0,0.8662623857718427,0.0,0.0,0.0,0.0,0.0,0.0,0.0,0.0,0.0,0.0,0.0,0.0,0.0,0.6590951861375551,0.0
0.5790692153142896,0.6116283258965901,0.0,0.0,0.7011876493647478,0.6466356913044946,0.4425617447156308,0.0,0.6642782682190284,0.0,0.0,0.0,0.0,0.0,0.0,0.9649209568114726,0.3427255350753762,0.0,0.5637754761107806,0.0,0.0,0.0,0.0,0.3884729257490971,0.0,0.0,0.0,0.0,0.5141241864138613,0.0,0.0,0.0,0.0,0.4137032823002579,0.0,0.7134828547859711,0.0,0.8646100668810547,0.8458331583709564,0.0,0.0,0.4285786742259743,0.6436408084198197,0.0,0.0,0.0,0.0,0.0,0.0,0.0,0.5241020136708955,0.0,0.0,0.0,0.0,0.0,0.7317803915516714,0.0,0.6447309581252707,0.0
0.8689171044867872,0.0,0.4991972679951192,0.0,0.5632950892103055,0.0,0.0,0.0,0.0,0.0,0.721430649088846,0.0,0.0,0.801395439678569,0.0,0.0,0.0,0.0,0.7992717378086083,0.0,0.0,0.0,0.7170397858407321,0.5374360989637548,0.0,0.0,0.6555756380863114,0.0,0.0,0.31781074536535125,0.0,0.0,0.4317517224635634,0.40312802141957693,0.0,0.0,0.0,0.0,0.0,0.0,0.0,0.0,0.0,0.0,0.0,0.8034740286050069,0.6649628126736189,0.0,0.0,0.0,0.0,0.0,0.0,0.0,0.0,0.0,0.0,0.0,0.0,0.0
0.0,0.0,0.0,0.7745678520556041,0.509376744224415,0.0,0.0,0.0,0.0,0.8026913941100194,0.4592605833370954,0.0,0.0,0.0,0.0,0.0,0.0,0.0,0.7992717378086083,0.818233968262645,0.0,0.4851576048906606,0.0,0.0,0.0,0.7242536674878699,0.0,0.0,0.0,0.6603204758320314,0.0,0.8441977610208701,0.6164717805990374,0.583174087675093,0.0,0.7315003268128675,0.9005477735765275,0.7385990933643258,0.0,0.7397282450895281,0.0,0.0,0.0,0.0,0.0,0.6816015977313102,0.0,0.6344902597522843,0.0,0.0,0.0,0.8503838384580771,0.683603207208178,0.0,0.0,0.0,0.0,0.0,0.0,0.0
0.0,0.0,0.4077134338991366,0.0,0.0,0.0,0.0,0.0,0.0,0.0,0.0,0.0,0.0,0.0,0.0,0.0,0.0,0.0,0.0,0.0,0.0,0.37946580126320106,0.0,0.0,0.0,0.8101683906882464,0.0,0.0,0.0,0.0,0.0,0.0,0.0,0.0,0.0,0.0,0.0,0.7385990933643258,0.0,0.0,0.0,0.0,0.0,0.0,0.0,0.0,0.9119654436688217,0.0,0.0,0.0,0.7059270611020174,0.0,0.6684987639373741,0.0,0.0,0.5045289105987789,0.0,0.0,0.0,0.0
0.0,0.0,0.0,0.0,0.0,0.0,0.0,0.0,0.0,0.0,0.0,0.0,0.0,0.0,0.0,0.0,0.0,0.0,0.0,0.0,0.0,0.0,0.0,0.35499252914549073,0.0,0.0,0.0,0.0,0.0,0.0,0.0,0.0,0.0,0.0,0.0,0.0,0.0,0.0,0.0,0.0,0.0,0.0,0.0,0.0,0.0,0.0,0.0,0.0,0.0,0.0,0.0,0.0,0.0,0.0,0.0,0.44728705422033677,0.0,0.0,0.0,0.0
0.0,0.0,0.7534165934545626,0.0,0.5868279061845596,0.8414639935530492,0.0,0.0,0.0,0.0,0.0,0.0,0.0,0.0,0.0,0.0,0.0,0.0,0.0,0.7613347329281974,0.0,0.0,0.0,0.0,0.0,0.0,0.0,0.0,0.0,0.0,0.0,0.43810529248880614,0.0,0.0,0.0,0.0,0.0,0.0,0.0,0.0,0.0,0.0,0.0,0.0,0.0,0.6977128144177223,0.0,0.7287116474745874,0.0,0.0,0.0,0.0,0.0,0.0,0.0,0.0,0.7317803915516714,0.0,0.0,0.0
0.0,0.307780784177357,0.9041009717648423,0.0,0.0,0.0,0.6268209658280379,0.0,0.0,0.7374534594433824,0.0,0.0,0.0,0.801395439678569,0.0,0.0,0.0,0.0,0.0,0.0,0.0,0.0,0.8996681366810184,0.26785613609200365,0.0,0.0,0.0,0.469580568403937,0.4397101698477762,0.0,0.7759581585741253,0.0,0.32701700993032,0.0,0.6460080565967271,0.0,0.7169642166449367,0.0,0.0,0.5227774246704409,0.0,0.0,0.0,0.0,0.7594054251246727,0.0,0.0,0.9400219188707026,0.0,0.0,0.7686537084630414,0.0,0.0,0.9591642592696127,0.4531955185828145,0.0,0.0,0.6863955643186973,0.0,0.0
0.0,0.0,0.0,0.0,0.0,0.0,0.5409385569942935,0.0,0.6642782682190284,0.7190539447540726,0.0,0.0,0.0,0.0,0.0,0.6701978460819618,0.5618108601962497,0.0,0.0,0.0,0.0,0.632491235748151,0.0,0.0,0.0,0.8451970281095683,0.0,0.8634158626146158,0.0,0.3798243628930411,0.0,0.0,0.0,0.0,0.0,0.0,0.0,0.6972301765201037,0.0,0.0,0.0,0.0,0.0,0.0,0.0,0.0,0.0,0.568256291552445,0.8862291548584563,0.0,0.0,0.0,0.0,0.46927638292516194,0.0,0.36321777629048646,0.0,0.0,0.0,0.0
0.0,0.0,0.0,0.0,0.0,0.0,0.0,0.0,0.0,0.5744775986604791,0.0,0.0,0.0,0.976415500439251,0.0,0.0,0.49207256644472397,0.0,0.0,0.0,0.0,0.0,0.0,0.0,0.0,0.0,0.0,0.0,0.0,0.0,0.0,0.0,0.0,0.0,0.0,0.0,0.0,0.0,0.0,0.0,0.0,0.7110749778045264,0.0,0.0,0.0,0.0,0.0,0.0,0.0,0.0,0.0,0.0,0.0,0.0,0.321026613848464,0.0,0.0,0.0,0.9211578024495246,0.0
0.0,0.0,0.0,0.0,0.0,0.0,0.0,0.0,0.0,0.0,0.0,0.0,0.0,0.801395439678569,0.0,0.0,0.0,0.0,0.0,0.9448738692311432,0.0,0.0,0.668437762700664,0.0,0.0,0.0,0.0,0.0,0.0,0.0,0.0,0.0,0.0,0.0,0.0,0.0,0.0,0.0,0.0,0.0,0.0,0.0,0.6885648166573346,0.44114317317470364,0.0,0.0,0.0,0.0,0.0,0.0,0.0,0.0,0.0,0.4819918511461422,0.0,0.0,0.0,0.0,0.0,0.0
0.0,0.4076888003372845,0.42624341082960315,0.7979612578567563,0.0,0.7263828684825229,0.0,0.7318495828555945,0.0,0.0,0.0,0.0,0.0,0.0,0.0,0.0,0.43609373318072675,0.0,0.0,0.0,0.7404406636102687,0.7877202510790982,0.0,0.0,0.0,0.0,0.8538088274882905,0.9069665297577829,0.0,0.0,0.0,0.0,0.5278706692831645,0.6446745733633616,0.581299276338784,0.0,0.8581928963012981,0.0,0.0,0.0,0.0,0.7914870065184071,0.0,0.0,0.0,0.0,0.0,0.28334292006849426,0.0,0.0,0.5716063648839966,0.7941238338356311,0.0,0.0,0.0,0.0,0.6284381052316783,0.0,0.0,0.5530970984843118
0.0,0.5092530619088029,0.0,0.0,0.7565070413909984,0.0,0.0,0.0,0.5447078753042336,0.0,0.7502018480193691,0.0,0.0,0.0,0.0,0.0,0.0,0.0,0.0,0.0,0.0,0.0,0.0,0.37233339857702374,0.0,0.0,0.0,0.7379785760947983,0.0,0.0,0.0,0.0,0.0,0.0,0.0,0.0,0.0,0.0,0.0,0.0,0.0,0.0,0.0,0.0,0.0,0.0,0.8667705621552526,0.0,0.0,0.0,0.0,0.0,0.0,0.0,0.0,0.0,0.0,0.0,0.0,0.0
0.0,0.0,0.0,0.0,0.0,0.0,0.0,0.0,0.0,0.7190539447540726,0.0,0.0,0.0,0.0,0.0,0.0,0.5395548651120846,0.0,0.0,0.8697651747555404,0.0,0.0,0.0,0.0,0.0,0.0,0.0,0.0,0.0,0.0,0.0,0.0,0.0,0.0,0.0,0.0,0.0,0.0,0.0,0.0,0.0,0.0,0.0,0.7942794300774974,0.0,0.0,0.0,0.0,0.0,0.0,0.0,0.0,0.0,0.0,0.0,0.0,0.6232484129347633,0.0,0.8096947396560248,0.0
0.0,0.0,0.0,0.0,0.599112011769079,0.0,0.0,0.0,0.0,0.0,0.0,0.0,0.0,0.0,0.0,0.0,0.0,0.8081308736287633,0.0,0.0,0.0,0.0,0.0,0.0,0.0,0.0,0.0,0.0,0.0,0.0,0.0,0.0,0.0,0.0,0.0,0.0,0.0,0.0,0.0,0.0,0.0,0.0,0.0,0.0,0.0,0.0,0.0,0.0,0.0,0.0,0.0,0.0,0.0,0.0,0.0,0.0,0.0,0.0,0.0,0.0
0.0,0.0,0.0,0.5318329927545344,0.8560862094591521,0.0,0.0,0.5120498449787301,0.0,0.8299097711264763,0.0,0.8665337679660424,0.0,0.8251966000916143,0.8389897416701009,0.0,0.0,0.8851686526007012,0.0,0.0,0.0,0.5152966802279162,0.0,0.0,0.49634331223416517,0.0,0.0,0.0,0.31887982428061357,0.7646658139177871,0.0,0.0,0.0,0.0,0.0,0.0,0.0,0.0,0.0,0.5971866268408864,0.0,0.0,0.0,0.0,0.0,0.5432479256393623,0.6288530168404607,0.0,0.0,0.0,0.0,0.833822371525343,0.0,0.0,0.9683004873525978,0.0,0.0,0.7584472271345487,0.8380861583601075,0.43456016820253907
0.0,0.0,0.7781968809587037,0.0,0.0,0.0,0.5519627153299833,0.0,0.4022618308908278,0.0,0.8338648644414386,0.590349862573754,0.0,0.0,0.0,0.0,0.3983275623381518,0.0,0.0,0.0,0.0,0.0,0.0,0.7470862547391517,0.47686516161581094,0.0,0.0,0.9069665297577829,0.3246665222069972,0.0,0.0,0.0,0.0,0.0,0.0,0.0,0.0,0.5084010109753606,0.0,0.0,0.0,0.9192390468769398,0.0,0.0,0.0,0.0,0.47297999743043206,0.0,0.0,0.0,0.0,0.0,0.0,0.0,0.0,0.0,0.0,0.0,0.7474452378484782,0.0
0.6576803752395608,0.279467250741429,0.0,0.0,0.0,0.0,0.0,0.0,0.0,0.0,0.0,0.6872489247127321,0.0,0.0,0.0,0.0,0.0,0.0,0.0,0.0,0.0,0.0,0.0,0.0,0.0,0.0,0.0,0.0,0.0,0.0,0.7995137243861896,0.0,0.0,0.0,0.0,0.0,0.0,0.0,0.0,0.0,0.0,0.0,0.0,0.0,0.0,0.0,0.0,0.0,0.688461567706681,0.0,0.4741873970775362,0.0,0.0,0.0,0.0,0.0,0.0,0.0,0.0,0.0
0.7930766458229712,0.44397172486094316,0.8614481194048684,0.0,0.0,0.0,0.0,0.0,0.0,0.0,0.0,0.0,0.0,0.8972564911075596,0.7900578729446158,0.0,0.0,0.6216004250193476,0.0,0.5962192546770647,0.9141451858829241,0.5817449244801938,0.6838773699923696,0.0,0.0,0.0,0.0,0.7523212293823094,0.0,0.0,0.8990309616293349,0.0,0.33448808806819463,0.0,0.0,0.0,0.9895475046321771,0.0,0.0,0.0,0.5640011287138216,0.0,0.0,0.9123698276233538,0.0,0.0,0.0,0.0,0.0,0.9305747604822058,0.5241020136708955,0.0,0.0,0.6658330391540789,0.7189392576365081,0.0,0.0,0.0,0.0,0.0
0.0,0.0,0.0,0.0,0.0,0.6915625422550827,0.0,0.0,0.0,0.0,0.0,0.0,0.0,0.0,0.0,0.0,0.0,0.0,0.0,0.0,0.0,0.0,0.0,0.0,0.0,0.0,0.0,0.0,0.0,0.0,0.0,0.0,0.0,0.6342899492965896,0.0,0.0,0.0,0.0,0.7063461477485348,0.0,0.0,0.6893195668386162,0.7489858040342731,0.0,0.0,0.0,0.0,0.0,0.0,0.42136378968984056,0.0,0.0,0.0,0.0,0.0,0.0,0.0,0.0,0.0,0.0
0.0,0.0,0.0,0.0,0.0,0.0,0.0,0.0,0.2948114303181132,0.0,0.0,0.0,0.0,0.0,0.0,0.0,0.0,0.0,0.8575505870760567,0.7297429181435849,0.0,0.6192936719752626,0.0,0.0,0.5377554120043679,0.0,0.0,0.0,0.0,0.0,0.0,0.0,0.0,0.0,0.0,0.0,0.0,0.751666421903828,0.0,0.0,0.0,0.0,0.0,0.642677950427404,0.0,0.0,0.0,0.0,0.0,0.0,0.0,0.0,0.0,0.0,0.0,0.3408274887652193,0.0,0.0,0.0,0.0
0.0,0.0,0.0,0.0,0.0,0.7263828684825229,0.0,0.0,0.0,0.0,0.0,0.0,0.0,0.0,0.0,0.0,0.0,0.0,0.0,0.0,0.0,0.0,0.776244591580318,0.3565985992074082,0.0,0.0,0.0,0.0,0.0,0.0,0.0,0.0,0.0,0.0,0.0,0.0,0.0,0.7385990933643258,0.8162408776199814,0.0,0.0,0.0,0.0,0.0,0.0,0.0,0.0,0.0,0.0,0.0,0.5716063648839966,0.0,0.0,0.573775226293685,0.0,0.0,0.0,0.0,0.5376322806624453,0.0
0.0,0.0,0.0,0.0,0.0,0.0,0.0,0.0,0.0,0.0,0.0,0.0,0.4673801917435121,0.8605590756611642,0.0,0.0,0.0,0.0,0.7556474580495962,0.0,0.8495707777959274,0.0,0.0,0.0,0.0,0.0,0.0,0.0,0.0,0.0,0.0,0.0,0.0,0.0,0.0,0.0,0.0,0.0,0.0,0.0,0.8270694236487416,0.8839066390758933,0.0,0.5905136789699066,0.0,0.0,0.0,0.0,0.0,0.0,0.0,0.0,0.563987465215791,0.0,0.0,0.0,0.0,0.0,0.0,0.0
0.0,0.0,0.0,0.0,0.0,0.0,0.0,0.0,0.0,0.0,0.0,0.0,0.0,0.0,0.0,0.0,0.0,0.0,0.0,0.0,0.0,0.0,0.0,0.0,0.0,0.0,0.0,0.0,0.0,0.0,0.7168132299885872,0.0,0.0,0.0,0.0,0.0,0.0,0.0,0.0,0.0,0.0,0.0,0.0,0.0,0.0,0.0,0.0,0.0,0.0,0.0,0.0,0.0,0.0,0.0,0.4075433694336076,0.0,0.0,0.0,0.0,0.0
0.0,0.45151795175604403,0.0,0.0,0.0,0.0,0.0,0.0,0.3895009572570858,0.0,0.0,0.0,0.0,0.0,0.0,0.0,0.48232222593774665,0.0,0.7770467206843016,0.0,0.7935322037388826,0.0,0.0,0.0,0.0,0.0,0.0,0.0,0.8453239069151028,0.0,0.0,0.7670314663502602,0.5340666409486514,0.0,0.0,0.0,0.0,0.0,0.0,0.0,0.0,0.7687476087677041,0.0,0.0,0.7811718723302704,0.4627640579477713,0.0,0.0,0.0,0.0,0.0,0.0,0.45237506492942736,0.0,0.0,0.0,0.0,0.7142514078407181,0.8380861583601075,0.0
0.0,0.0,0.0,0.0,0.0,0.0,0.0,0.0,0.0,0.0,0.721430649088846,0.0,0.0,0.0,0.0,0.0,0.0,0.0,0.0,0.0,0.0,0.0,0.0,0.0,0.0,0.0,0.0,0.0,0.0,0.0,0.0,0.0,0.0,0.0,0.0,0.0,0.0,0.0,0.0,0.0,0.0,0.0,0.0,0.0,0.0,0.0,0.0,0.3393922269727313,0.0,0.0,0.0,0.0,0.0,0.0,0.0,0.0,0.0,0.0,0.0,0.0
0.0,0.0,0.0,0.6986370073701416,0.0,0.0,0.6404689282613831,0.0,0.0,0.0,0.0,0.0,0.0,0.0,0.0,0.0,0.0,0.0,0.8596142287921464,0.0,0.0,0.0,0.0,0.0,0.6445707653150231,0.7632806727495827,0.0,0.0,0.0,0.0,0.0,0.0,0.0,0.0,0.0,0.0,0.7548281120123795,0.0,0.0,0.0,0.6257073127045873,0.0,0.0,0.0,0.0,0.0,0.0,0.0,0.0,0.0,0.0,0.0,0.0,0.0,0.0,0.0,0.0,0.0,0.693758415812921,0.0
0.0,0.0,0.5867163487584435,0.0,0.0,0.0,0.5536116135633473,0.0,0.0,0.0,0.0,0.0,0.0,0.0,0.0,0.0,0.0,0.0,0.0,0.0,0.0,0.0,0.0,0.4486694616277189,0.0,0.0,0.0,0.0,0.0,0.0,0.7350570878292896,0.6335653705353299,0.0,0.4962700711834852,0.0,0.0,0.0,0.0,0.0,0.5667086587477466,0.0,0.0,0.0,0.0,0.0,0.0,0.0,0.0,0.0,0.0,0.0,0.0,0.7552693940042463,0.0,0.0,0.0,0.0,0.0,0.0,0.0
0.0,0.0,0.5766837782266696,0.7369784292625869,0.0,0.0,0.0,0.0,0.0,0.0,0.6501441486369874,0.0,0.0,0.0,0.0,0.0,0.0,0.0,0.0,0.0,0.0,0.0,0.0,0.0,0.0,0.0,0.5656865865764084,0.0,0.6076676233446852,0.0,0.7350570878292896,0.0,0.0,0.4839998461099949,0.8787989108729876,0.9542607990712891,0.0,0.7584830565157953,0.768121982374623,0.0,0.7997626014880796,0.7289323544746535,0.7489858040342731,0.0,0.0,0.6816015977313102,0.0,0.0,0.0,0.38777466249582326,0.0,0.0,0.6001336854509387,0.0,0.6114065632282464,0.0,0.8907216473578842,0.8528529377764827,0.0,0.0
0.0,0.8959204282969745,0.0,0.0,0.0,0.0,0.0,0.0,0.0,0.0,0.0,0.0,0.7683022223948233,0.0,0.0,0.0,0.0,0.0,0.0,0.0,0.0,0.0,0.0,0.37868314246422485,0.7424540024214153,0.0,0.0,0.0,0.0,0.0,0.7546538227126888,0.0,0.0,0.0,0.0,0.0,0.0,0.0,0.0,0.0,0.0,0.0,0.0,0.0,0.0,0.0,0.0,0.0,0.0,0.3874805014386098,0.0,0.0,0.0,0.0,0.0,0.0,0.0,0.0,0.0,0.0
0.0,0.5195496308192851,0.6269093627327971,0.0,0.0,0.0,0.0,0.0,0.0,0.0,0.0,0.0,0.0,0.0,0.0,0.0,0.0,0.0,0.7004867870066098,0.0,0.0,0.0,0.0,0.0,0.0,0.0,0.0,0.0,0.5245262297160944,0.0,0.0,0.0,0.0,0.0,0.0,0.0,0.0,0.0,0.0,0.0,0.0,0.0,0.0,0.0,0.0,0.0,0.0,0.0,0.0,0.0,0.0,0.0,0.0,0.8646026503989072,0.6821873836643945,0.0,0.7032539104826732,0.6559829334480798,0.0,0.0
0.0,0.0,0.4336049290613905,0.0,0.0,0.0,0.0,0.0,0.0,0.0,0.0,0.0,0.0,0.0,0.0,0.0,0.0,0.9435532255523982,0.0,0.0,0.0,0.0,0.0,0.0,0.0,0.0,0.0,0.0,0.0,0.0,0.0,0.0,0.0,0.0,0.0,0.0,0.0,0.0,0.0,0.0,0.0,0.0,0.0,0.0,0.0,0.0,0.0,0.0,0.0,0.0,0.0,0.0,0.0,0.0,0.0,0.0,0.0,0.0,0.0,0.0
0.0,0.0,0.0,0.0,0.0,0.0,0.6248501519999221,0.0,0.0,0.0,0.0,0.0,0.5457796351408031,0.0,0.0,0.0,0.0,0.0,0.0,0.0,0.0,0.0,0.0,0.0,0.5714325500796268,0.0,0.0,0.0,0.0,0.0,0.0,0.0,0.0,0.0,0.0,0.0,0.0,0.0,0.6937853448022538,0.0,0.0,0.0,0.0,0.0,0.0,0.0,0.0,0.0,0.0,0.5818853460088931,0.0,0.0,0.0,0.0,0.0,0.0,0.0,0.0,0.8726575792809474,0.0
0.0,0.0,0.0,0.8291774409711179,0.6848987132806899,0.4125192213015412,0.0,0.9100258160065824,0.0,0.0,0.7599981598673426,0.0,0.7909931576546405,0.0,0.7900578729446158,0.0,0.0,0.0,0.0,0.0,0.6093224463922681,0.0,0.776244591580318,0.7242562104813044,0.0,0.6049860256979631,0.0,0.0,0.838521499177159,0.33263040289583345,0.0,0.0,0.0,0.9209041163238628,0.0,0.8661795026970718,0.0,0.0,0.0,0.0,0.6537270090850597,0.0,0.0,0.0,0.0,0.0,0.5971974219402604,0.0,0.0,0.0,0.0,0.0,0.0,0.5399265735548298,0.0,0.49453823049370693,0.0,0.0,0.6208115140389785,0.0
0.0,0.0,0.0,0.0,0.0,0.0,0.0,0.48222074801583503,0.5725551717589571,0.0,0.8338648644414386,0.8510477764292935,0.6307898432426025,0.0,0.0,0.0,0.0,0.0,0.6123250907753042,0.818233968262645,0.0,0.0,0.0,0.7903208104225188,0.0,0.0,0.0,0.0,0.0,0.0,0.0,0.0,0.0,0.0,0.0,0.0,0.0,0.0,0.0,0.0,0.0,0.0,0.0,0.0,0.0,0.0,0.7814820760019274,0.4053594613415996,0.0,0.0,0.0,0.0,0.0,0.5856721615423368,0.7786515396531586,0.0,0.0,0.6863955643186973,0.0,0.5873526970682359
0.0,0.0,0.4716094024147973,0.0,0.0,0.0,0.0,0.21775665792880117,0.0,0.0,0.0,0.0,0.0,0.0,0.0,0.0,0.0,0.0,0.0,0.0,0.0,0.0,0.0,0.8386474745839696,0.0,0.0,0.5432417038743012,0.0,0.0,0.0,0.0,0.9243318935806505,0.0,0.0,0.0,0.0,0.0,0.0,0.0,0.0,0.0,0.0,0.0,0.0,0.0,0.0,0.0,0.0,0.0,0.5154178460961412,0.0,0.0,0.0,0.0,0.0,0.0,0.0,0.0,0.0,0.0
0.0,0.0,0.0,0.0,0.0,0.0,0.7340349488100333,0.9563577473688784,0.0,0.7190539447540726,0.0,0.771555772875177,0.0,0.0,0.0,0.6979560640055449,0.0,0.0,0.7544560421383248,0.0,0.0,0.0,0.6998892157934694,0.0,0.0,0.0,0.0,0.0,0.8819970603247199,0.0,0.0,0.0,0.0,0.0,0.0,0.0,0.0,0.0,0.6078681152241321,0.5502682870912669,0.0,0.0,0.7411721162168194,0.8058890855444736,0.0,0.0,0.0,0.0,0.0,0.0,0.0,0.0,0.5526668685543724,0.4538018287480261,0.0,0.0,0.0,0.0,0.0,0.0
0.946921996044763,0.5195496308192851,0.48931088088392516,0.6269311770287205,0.0,0.0,0.0,0.1681919414824603,0.0,0.8026913941100194,0.0,0.759556170606642,0.0,0.5198372894324976,0.0,0.0,0.0,0.0,0.0,0.0,0.0,0.0,0.0,0.6311712627002463,0.37045259045187995,0.6934645858858886,0.0,0.0,0.0,0.618709849145067,0.5419549658707091,0.5808035516263407,0.6578101476126551,0.0,0.0,0.0,0.5099905565609839,0.0,0.0,0.622828137852486,0.0,0.0,0.0,0.0,0.0,0.0,0.0,0.6484358234746428,0.0,0.0,0.0,0.0,0.5526668685543724,0.0,0.3079052515024282,0.0,0.0,0.0,0.0,0.0
0.0,0.0,0.0,0.0,0.0,0.0,0.0,0.0,0.0,0.0,0.0,0.0,0.0,0.0,0.0,0.0,0.0,0.0,0.0,0.0,0.0,0.0,0.0,0.0,0.0,0.0,0.0,0.0,0.0,0.0,0.0,0.0,0.0,0.0,0.0,0.0,0.0,0.0,0.5269593938593913,0.0,0.0,0.0,0.0,0.5848844102069408,0.0,0.0,0.0,0.0,0.0,0.0,0.0,0.0,0.0,0.0,0.0,0.0,0.0,0.0,0.0,0.0
0.0,0.0,0.0,0.0,0.0,0.0,0.0,0.0,0.0,0.0,0.0,0.0,0.0,0.0,0.0,0.6979560640055449,0.0,0.0,0.0,0.0,0.0,0.0,0.0,0.0,0.0,0.0,0.0,0.0,0.0,0.0,0.0,0.0,0.0,0.0,0.0,0.0,0.0,0.6105522294195953,0.0,0.0,0.0,0.0,0.0,0.0,0.0,0.0,0.0,0.0,0.0,0.0,0.0,0.0,0.0,0.0,0.0,0.0,0.0,0.0,0.0,0.0
0.0,0.0,0.8614481194048684,0.0,0.0,0.0,0.7780482224772272,0.0,0.0,0.0,0.0,0.0,0.0,0.0,0.8813589585660213,0.0,0.0,0.0,0.0,0.0,0.0,0.0,0.0,0.0,0.0,0.0,0.0,0.0,0.0,0.5260613743731976,0.0,0.7895853197352667,0.0,0.0,0.0,0.0,0.0,0.0,0.0,0.4275129814535733,0.0,0.0,0.0,0.6569562023432566,0.7594054251246727,0.0,0.0,0.4838579364321801,0.7611356142163951,0.0,0.9406610868998808,0.6361525102538994,0.0,0.0,0.0,0.0,0.6284381052316783,0.0,0.882595111322348,0.0
0.0,0.0,0.0,0.0,0.0,0.0,0.0,0.0,0.44079602899298487,0.0,0.0,0.0,0.0,0.0,0.0,0.0,0.0,0.0,0.0,0.0,0.0,0.0,0.0,0.0,0.0,0.0,0.0,0.0,0.0,0.0,0.0,0.0,0.0,0.0,0.0,0.0,0.735631421419667,0.0,0.0,0.0,0.0,0.0,0.0,0.0,0.0,0.0,0.0,0.0,0.0,0.0,0.0,0.0,0.0,0.0,0.0,0.0,0.0,0.0,0.0,0.0
0.0,0.0,0.0,0.0,0.0,0.0,0.0,0.0,0.0,0.0,0.0,0.0,0.0,0.0,0.0,0.0,0.0,0.0,0.0,0.9448738692311432,0.0,0.0,0.0,0.0,0.0,0.0,0.0,0.0,0.0,0.0,0.0,0.6182596925538384,0.0,0.0,0.0,0.0,0.0,0.0,0.0,0.0,0.0,0.0,0.0,0.0,0.0,0.0,0.0,0.0,0.0,0.0,0.0,0.0,0.0,0.0,0.0,0.0,0.0,0.0,0.0,0.0
0.730153238848653,0.0,0.0,0.6671041404180219,0.0,0.0,0.0,0.0,0.7606447852876705,0.9672996323911756,0.0,0.0,0.0,0.0,0.0,0.0,0.0,0.0,0.0,0.0,0.0,0.0,0.0,0.0,0.0,0.838643128767659,0.0,0.0,0.0,0.0,0.7546538227126888,0.0,0.0,0.0,0.5934163112046599,0.7315003268128675,0.0,0.0,0.0,0.0,0.7548571523319074,0.7289323544746535,0.0,0.0,0.0,0.0,0.9525667111453083,0.0,0.0,0.0,0.5456005134332824,0.0,0.0,0.0,0.3604727207554652,0.0,0.0,0.0,0.0,0.35947069027494216
0.0,0.0,0.0,0.7745678520556041,0.0,0.0,0.0,0.44151576010175664,0.0,0.9054976933707555,0.0,0.0,0.0,0.0,0.0,0.0,0.0,0.0,0.0,0.0,0.0,0.0,0.0,0.0,0.0,0.0,0.0,0.670371077444182,0.0,0.0,0.0,0.0,0.0,0.0,0.0,0.6651984550489694,0.6835995343565147,0.0,0.0,0.0,0.0,0.0,0.0,0.0,0.0,0.0,0.0,0.0,0.0,0.0,0.0,0.0,0.7761542261087978,0.0,0.0,0.5045289105987789,0.0,0.0,0.0,0.0
0.0,0.0,0.0,0.8291774409711179,0.7748085723038396,0.0,0.0,0.5329931972815799,0.0,0.7572435665976127,0.0,0.6716507422068045,0.47434218368522085,0.0,0.0,0.8031003790532407,0.4541151423990134,0.0,0.0,0.6352550339023921,0.0,0.0,0.6998892157934694,0.0,0.37045259045187995,0.5267516929706881,0.0,0.0,0.3489050040339675,0.0,0.0,0.0,0.0,0.0,0.6468857068800895,0.0,0.0,0.0,0.0,0.0,0.0,0.7480522505544953,0.8357079629936995,0.0,0.0,0.0,0.0,0.0,0.0,0.3874805014386098,0.0,0.7399711473596418,0.0,0.0,0.32250819864893043,0.0,0.0,0.0,0.5684723738686153,0.0
0.0,0.530071753087894,0.0,0.0,0.8247539469550453,0.0,0.0,0.0,0.0,0.701787515421893,0.0,0.0,0.0,0.0,0.0,0.0,0.35812016526303736,0.0,0.0,0.0,0.6643976297864952,0.0,0.0,0.0,0.0,0.0,0.0,0.0,0.0,0.0,0.0,0.0,0.0,0.0,0.0,0.0,0.0,0.0,0.0,0.0,0.0,0.0,0.0,0.0,0.0,0.0,0.0,0.0,0.0,0.0,0.0,0.0,0.4709507872503269,0.0,0.0,0.0,0.0,0.0,0.0,0.0
0.7122200936412132,0.0,0.0,0.0,0.0,0.0,0.0,0.0,0.0,0.0,0.0,0.0,0.0,0.7364781387048335,0.7468682226338639,0.0,0.0,0.0,0.8985513171974319,0.0,0.0,0.0,0.0,0.0,0.0,0.0,0.0,0.0,0.0,0.0,0.0,0.0,0.0,0.0,0.0,0.0,0.0,0.0,0.0,0.0,0.7356044927817826,0.0,0.0,0.0,0.0,0.0,0.0,0.0,0.0,0.0,0.0,0.7399711473596418,0.0,0.0,0.0,0.0,0.0,0.0,0.0,0.0
0.0,0.0,0.0,0.0,0.0,0.0,0.0,0.0,0.0,0.0,0.0,0.0,0.0,0.0,0.0,0.9649209568114726,0.0,0.0,0.8596142287921464,0.0,0.0,0.0,0.776244591580318,0.0,0.0,0.0,0.6816105232261147,0.0,0.0,0.0,0.0,0.0,0.0,0.0,0.0,0.0,0.0,0.0,0.0,0.0,0.0,0.0,0.0,0.5334391281828696,0.0,0.0,0.0,0.0,0.0,0.0,0.0,0.0,0.0,0.0,0.0,0.0,0.0,0.0,0.0,0.5880264530541544
0.0,0.0,0.0,0.0,0.0,0.787553147022255,0.0,0.0,0.0,0.0,0.0,0.0,0.0,0.0,0.0,0.0,0.0,0.0,0.0,0.0,0.0,0.0,0.0,0.0,0.0,0.0,0.0,0.0,0.0,0.0,0.0,0.0,0.0,0.0,0.0,0.0,0.0,0.0,0.0,0.0,0.0,0.0,0.0,0.0,0.0,0.0,0.0,0.0,0.0,0.0,0.4964912050342085,0.0,0.0,0.0,0.0,0.0,0.0,0.0,0.0,0.0
0.0,0.0,0.0,0.0,0.0,0.0,0.0,0.0,0.0,0.0,0.0,0.6424902307721616,0.6589484791811917,0.0,0.0,0.7193410241432185,0.0,0.0,0.0,0.0,0.0,0.0,0.0,0.0,0.0,0.0,0.0,0.0,0.0,0.0,0.7357931619157005,0.0,0.0,0.0,0.0,0.0,0.0,0.5621991708435815,0.0,0.0,0.0,0.0,0.0,0.4781561987632321,0.0,0.0,0.6802345908457692,0.0,0.0,0.0,0.0,0.0,0.0,0.0,0.0,0.0,0.0,0.9593520243922081,0.0,0.0
0.0,0.0,0.0,0.0,0.0,0.0,0.0,0.0,0.0,0.8026913941100194,0.0,0.0,0.0,0.0,0.0,0.0,0.6806103911490692,0.0,0.0,0.0,0.0,0.0,0.0,0.0,0.0,0.0,0.0,0.0,0.0,0.0,0.0,0.0,0.0,0.0,0.0,0.0,0.0,0.0,0.0,0.0,0.0,0.0,0.0,0.0,0.0,0.0,0.0,0.0,0.0,0.0,0.0,0.0,0.0,0.0,0.0,0.0,0.0,0.0,0.0,0.0
0.0,0.0,0.6010054842276056,0.0,0.599112011769079,0.0,0.0,0.0,0.0,0.0,0.0,0.0,0.0,0.8566255649722343,0.0,0.7736583571875858,0.0,0.0,0.0,0.6580042256014631,0.0,0.0,0.0,0.0,0.0,0.0,0.0,0.0,0.0,0.0,0.0,0.6182596925538384,0.0,0.0,0.6059057270215336,0.0,0.0,0.0,0.6309030141790299,0.0,0.0,0.0,0.7926159924769502,0.0,0.0,0.6859578731559322,0.0,0.8719272480812275,0.5963370153157201,0.0,0.0,0.0,0.0,0.0,0.0,0.0,0.3427772384068134,0.6708378179696393,0.0,0.0
0.0,0.0,0.0,0.0,0.5868279061845596,0.5697283819026084,0.0,0.0,0.0,0.0,0.0,0.0,0.0,0.0,0.0,0.0,0.0,0.0,0.0,0.0,0.9487267039003513,0.0,0.0,0.0,0.0,0.0,0.0,0.0,0.6479706066647164,0.0,0.0,0.0,0.0,0.0,0.0,0.0,0.0,0.0,0.0,0.0,0.0,0.0,0.0,0.0,0.7507726930279097,0.0,0.0,0.0,0.0,0.0,0.0,0.0,0.0,0.0,0.0,0.0,0.0,0.0,0.0,0.4340690884773486
0.8188446122692674,0.7156893297009674,0.0,0.6986370073701416,0.0,0.0,0.861210261382484,0.0,0.0,0.0,0.0,0.5552380017432443,0.0,0.0,0.0,0.0,0.0,0.0,0.0,0.0,0.0,0.0,0.0,0.0,0.0,0.0,0.0,0.0,0.0,0.0,0.0,0.0,0.0,0.0,0.0,0.0,0.0,0.0,0.0,0.0,0.0,0.0,0.0,0.0,0.0,0.0,0.0,0.4648340166041498,0.0,0.0,0.0,0.0,0.0,0.0,0.0,0.0,0.0,0.0,0.0,0.0
0.0,0.0,0.0,0.0,0.0,0.0,0.0,0.0,0.0,0.0,0.0,0.0,0.0,0.7364781387048335,0.0,0.0,0.623158226516817,0.0,0.0,0.818233968262645,0.0,0.0,0.0,0.0,0.0,0.0,0.7578675133740793,0.0,0.0,0.0,0.9009785210648559,0.0,0.0,0.0,0.0,0.0,0.0,0.0,0.0,0.0,0.0,0.0,0.0,0.0,0.0,0.8537893896898914,0.0,0.0,0.0,0.0,0.0,0.0,0.0,0.0,0.0,0.0,0.0,0.0,0.0,0.0
0.0,0.279467250741429,0.0,0.9713704116895807,0.0,0.0,0.8289368784760479,0.4632548521083014,0.6357074236413611,0.0,0.0,0.0,0.0,0.0,0.8813589585660213,0.0,0.0,0.0,0.0,0.0,0.0,0.0,0.9918463016330755,0.5163003384931211,0.47686516161581094,0.0,0.0,0.7578115886643016,0.0,0.0,0.0,0.5707281308181144,0.0,0.0,0.0,0.0,0.0,0.0,0.0,0.0,0.6836220365404354,0.0,0.0,0.0,0.0,0.0,0.0,0.0,0.0,0.0,0.0,0.0,0.0,0.0,0.30645486152516155,0.0,0.0,0.7801188000783414,0.0,0.0
0.0,0.0,0.0,0.0,0.0,0.0,0.0,0.0,0.28077060765706663,0.0,0.9128169553923375,0.0,0.0,0.0,0.0,0.0,0.0,0.0,0.0,0.8482143277725295,0.0,0.0,0.0,0.0,0.0,0.0,0.0,0.7379785760947983,0.7066140660699763,0.0,0.0,0.0,0.0,0.0,0.0,0.0,0.0,0.0,0.0,0.0,0.0,0.0,0.0,0.0,0.0,0.0,0.0,0.8719272480812275,0.0,0.0,0.0,0.0,0.0,0.7385952519960652,0.0,0.0,0.0,0.0,0.6176178716067026,0.0
0.0,0.0,0.0,0.0,0.0,0.0,0.0,0.0,0.0,0.0,0.0,0.0,0.0,0.0,0.0,0.0,0.0,0.0,0.0,0.0,0.0,0.0,0.0,0.0,0.42235819132333263,0.0,0.0,0.0,0.0,0.0,0.0,0.0,0.0,0.0,0.0,0.0,0.0,0.0,0.0,0.0,0.0,0.0,0.0,0.0,0.0,0.0,0.0,0.0,0.0,0.0,0.0,0.7214053047786781,0.0,0.0,0.0,0.0,0.0,0.0,0.0,0.0
0.0,0.0,0.0,0.0,0.0,0.8132747080338276,0.7340349488100333,0.7589702222021492,0.5128748427662709,0.0,0.0,0.0,0.0,0.7776404457180466,0.727831492063209,0.7331094994739931,0.0,0.608609864271545,0.0,0.0,0.0,0.0,0.0,0.0,0.0,0.4221038500681028,0.0,0.7578115886643016,0.0,0.0,0.7995137243861896,0.448389324186968,0.0,0.0,0.0,0.0,0.8994552106799444,0.9591396768239955,0.0,0.0,0.0,0.8170309631367785,0.0,0.0,0.0,0.0,0.0,0.0,0.0,0.4850435590092139,0.0,0.8200416831748563,0.38364533788487587,0.0,0.0,0.0,0.8324940549000565,0.0,0.0,0.4525310936837226
0.0,0.0,0.0,0.0,0.0,0.0,0.47015341045309955,0.0,0.0,0.0,0.0,0.0,0.0,0.0,0.0,0.0,0.0,0.0,0.0,0.0,0.0,0.0,0.0,0.0,0.0,0.0,0.0,0.0,0.0,0.0,0.0,0.0,0.0,0.0,0.0,0.0,0.0,0.0,0.0,0.0,0.0,0.0,0.0,0.0,0.0,0.0,0.0,0.0,0.0,0.0,0.0,0.0,0.0,0.0,0.0,0.5251404413593079,0.0,0.0,0.0,0.0
0.8351281543254644,0.0,0.0,0.0,0.0,0.0,0.0,0.0,0.0,0.0,0.0,0.0,0.0,0.0,0.0,0.0,0.0,0.0,0.0,0.6352550339023921,0.0,0.0,0.0,0.0,0.0,0.0,0.7578675133740793,0.0,0.0,0.0,0.0,0.0,0.0,0.0,0.0,0.0,0.0,0.0,0.723897510076194,0.6568653523699818,0.0,0.0,0.0,0.0,0.0,0.0,0.5971974219402604,0.0,0.0,0.0,0.0,0.0,0.0,0.0,0.0,0.0,0.508124245000656,0.5084186151602039,0.0,0.0
0.0,0.0,0.0,0.0,0.0,0.0,0.0,0.0,0.4874484599671808,0.0,0.0,0.0,0.0,0.0,0.0,0.0,0.0,0.0,0.0,0.0,0.0,0.0,0.0,0.0,0.0,0.0,0.0,0.0,0.6311161344976006,0.0,0.0,0.0,0.0,0.0,0.0,0.0,0.0,0.0,0.0,0.0,0.0,0.0,0.0,0.6801235349556969,0.0,0.0,0.5227683129669327,0.0,0.0,0.0,0.4463946411096651,0.0,0.0,0.0,0.0,0.0,0.0,0.0,0.5062552198904663,0.0
0.0,0.0,0.0,0.0,0.7565070413909984,0.0,0.0,0.0,0.0,0.0,0.0,0.0,0.0,0.0,0.0,0.0,0.0,0.0,0.0,0.0,0.0,0.0,0.0,0.0,0.0,0.0,0.0,0.0,0.0,0.0,0.0,0.9243318935806505,0.0,0.0,0.0,0.0,0.0,0.0,0.0,0.0,0.0,0.0,0.0,0.3936345597655151,0.0,0.0,0.0,0.0,0.0,0.8413174990180174,0.0,0.0,0.8271038765297242,0.0,0.0,0.0,0.8324940549000565,0.0,0.0,0.0
0.0,0.0,0.0,0.0,0.0,0.0,0.46079928741285814,0.0,0.0,0.0,0.0,0.0,0.0,0.0,0.0,0.0,0.0,0.0,0.0,0.0,0.0,0.0,0.0,0.4940013463870375,0.5569086540353689,0.0,0.0,0.0,0.0,0.0,0.0,0.0,0.0,0.0,0.0,0.0,0.0,0.0,0.0,0.0,0.0,0.0,0.0,0.0,0.0,0.0,0.0,0.0,0.0,0.0,0.44007044495945435,0.0,0.0,0.7726950116671449,0.0,0.0,0.8907216473578842,0.0,0.0,0.0
0.0,0.0,0.0,0.0,0.654617862517233,0.0,0.0,0.5900056661546633,0.0,0.0,0.0,0.0,0.0,0.0,0.0,0.0,0.0,0.7836351191748956,0.7166418604621068,0.0,0.0,0.0,0.776244591580318,0.0,0.3045360835160089,0.0,0.0,0.0,0.0,0.7646658139177871,0.9009785210648559,0.5707281308181144,0.0,0.7106147184366643,0.0,0.0,0.9895475046321771,0.0,0.6590709972118456,0.0,0.0,0.0,0.0,0.0,0.0,0.0,0.0,0.0,0.0,0.0,0.0,0.0,0.653744213750804,0.0,0.0,0.7867123997218006,0.0,0.0,0.0,0.0
0.0,0.0,0.0,0.0,0.0,0.0,0.0,0.0,0.0,0.0,0.0,0.0,0.0,0.0,0.0,0.0,0.0,0.0,0.0,0.0,0.0,0.0,0.0,0.0,0.0,0.0,0.0,0.0,0.0,0.0,0.0,0.0,0.0,0.0,0.0,0.0,0.0,0.7201242525870588,0.0,0.0,0.0,0.0,0.0,0.0,0.0,0.5543292050933272,0.0,0.0,0.0,0.0,0.0,0.0,0.0,0.0,0.0,0.0,0.0,0.0,0.0,0.0
0.0,0.0,0.0,0.9041858743546866,0.0,0.0,0.0,0.0,0.0,0.0,0.0,0.0,0.0,0.0,0.5926619299801933,0.0,0.0,0.8081308736287633,0.0,0.0,0.0,0.0,0.0,0.0,0.0,0.0,0.0,0.8539014941394316,0.7471666679964688,0.0,0.0,0.5825382201076248,0.0,0.0,0.0,0.0,0.0,0.0,0.0,0.0,0.8270694236487416,0.0,0.0,0.0,0.0,0.0,0.0,0.0,0.0,0.0,0.0,0.0,0.5203053778819788,0.0,0.0,0.0,0.0,0.0,0.0,0.0
0.0,0.0,0.0,0.0,0.0,0.0,0.0,0.0,0.0,0.0,0.0,0.0,0.0,0.0,0.0,0.0,0.0,0.0,0.0,0.0,0.0,0.0,0.8269869449927514,0.0,0.0,0.0,0.0,0.0,0.0,0.0,0.0,0.0,0.0,0.0,0.0,0.0,0.0,0.0,0.0,0.0,0.0,0.0,0.6885648166573346,0.0,0.0,0.0,0.0,0.0,0.0,0.0,0.0,0.0,0.0,0.0,0.0,0.0,0.0,0.0,0.0,0.0
0.0,0.8959204282969745,0.6547513597181771,0.0,0.0,0.0,0.0,0.0,0.6724470747955602,0.7190539447540726,0.8338648644414386,0.7133176585370878,0.0,0.0,0.0,0.0,0.0,0.0,0.0,0.6217951741535479,0.0,0.0,0.8588138916077745,0.0,0.31711645145841416,0.0,0.9071122124299884,0.0,0.0,0.0,0.755448873871938,0.0,0.0,0.0,0.0,0.8053004224493462,0.0,0.8316835302474754,0.0,0.0,0.0,0.0,0.0,0.9518237310573008,0.0,0.6555838891213921,0.0,0.4838579364321801,0.0,0.0,0.0,0.0,0.0,0.0,0.640841064571801,0.0,0.6807168053965655,0.0,0.6590951861375551,0.6262056669996976
0.0,0.0,0.0,0.0,0.0,0.0,0.0,0.0,0.0,0.0,0.0,0.0,0.0,0.0,0.0,0.0,0.0,0.0,0.6678978542038969,0.0,0.0,0.0,0.0,0.937028875332663,0.0,0.0,0.0,0.0,0.0,0.0,0.0,0.0,0.3941172596311454,0.0,0.4953320854209433,0.0,0.0,0.0,0.0,0.0,0.0,0.7480522505544953,0.0,0.8505980157787746,0.0,0.0,0.0,0.0,0.0,0.0,0.0,0.0,0.0,0.0,0.0,0.0,0.0,0.0,0.0,0.0
0.0,0.0,0.0,0.0,0.7565070413909984,0.0,0.0,0.0,0.0,0.0,0.0,0.0,0.0,0.0,0.0,0.0,0.0,0.0,0.6262244460138895,0.0,0.0,0.0,0.0,0.0,0.0,0.0,0.0,0.0,0.0,0.0,0.0,0.0,0.0,0.0,0.0,0.0,0.0,0.0,0.0,0.0,0.0,0.0,0.0,0.0,0.0,0.0,0.0,0.0,0.0,0.0,0.0,0.0,0.0,0.0,0.0,0.0,0.0,0.0,0.0,0.0
0.0,0.25222500526287006,0.0,0.0,0.0,0.0,0.0,0.0,0.0,0.6113236384319825,0.0,0.0,0.0,0.0,0.0,0.0,0.0,0.0,0.0,0.0,0.0,0.0,0.0,0.0,0.0,0.0,0.0,0.0,0.297202238355864,0.0,0.0,0.0,0.0,0.0,0.5047119060643331,0.0,0.0,0.0,0.0,0.8203931694065527,0.0,0.0,0.0,0.0,0.0,0.0,0.0,0.0,0.0,0.46631482699806703,0.0,0.0,0.0,0.0,0.0,0.0,0.0,0.0,0.0,0.0
0.0,0.0,0.5766837782266696,0.7745678520556041,0.0,0.0,0.0,0.6508515412969453,0.4498099590232346,0.682085995838887,0.0,0.0,0.0,0.6828939788973867,0.6179996030270899,0.0,0.0,0.0,0.0,0.0,0.0,0.0,0.0,0.0,0.0,0.0,0.0,0.7195446085643753,0.0,0.0,0.0,0.0,0.32701700993032,0.0,0.6764421164527528,0.0,0.0,0.0,0.5713189821582082,0.6962589695220232,0.0,0.0,0.0,0.0,0.7134441580763697,0.0,0.0,0.0,0.0,0.7081436378663353,0.0,0.0,0.0,0.0,0.0,0.0,0.0,0.0,0.0,0.0
0.0,0.0,0.824491093150369,0.0,0.0,0.0,0.0,0.0,0.0,0.0,0.0,0.0,0.6046316402987941,0.0,0.0,0.0,0.0,0.0,0.0,0.0,0.0,0.0,0.0,0.0,0.0,0.0,0.0,0.0,0.0,0.44807806633453817,0.0,0.0,0.0,0.0,0.0,0.0,0.0,0.0,0.6047373215921779,0.0,0.0,0.0,0.0,0.0,0.9111982575652965,0.7794949945403833,0.0,0.0,0.0,0.0,0.0,0.0,0.0,0.7726950116671449,0.9051572833691632,0.0,0.0,0.0,0.0,0.0
0.0,0.0,0.0,0.7782335763169367,0.0,0.0,0.0,0.0,0.0,0.0,0.0,0.6963772654976941,0.0,0.0,0.0,0.0,0.0,0.0,0.0,0.0,0.0,0.0,0.0,0.0,0.0,0.0,0.0,0.0,0.0,0.0,0.0,0.0,0.0,0.0,0.0,0.9542607990712891,0.0,0.0,0.0,0.0,0.0,0.0,0.0,0.0,0.0,0.0,0.0,0.0,0.0,0.0,0.4935625474038313,0.0,0.653744213750804,0.6371397545596935,0.0,0.0,0.0,0.0,0.0,0.0
0.0,0.0,0.0,0.0,0.0,0.8423093704120234,0.0,0.0,0.0,0.0,0.0,0.0,0.0,0.0,0.0,0.0,0.0,0.0,0.0,0.0,0.8345580189097167,0.0,0.0,0.0,0.0,0.0,0.6977222156354385,0.0,0.0,0.0,0.0,0.0,0.0,0.0,0.0,0.0,0.0,0.0,0.938620727783114,0.7211785761384596,0.0,0.0,0.0,0.0,0.0,0.7328342414019822,0.0,0.0,0.0,0.0,0.0,0.0,0.0,0.0,0.0,0.0,0.0,0.0,0.0,0.0
0.0,0.0,0.5631895418106929,0.0,0.0,0.0,0.0,0.0,0.0,0.0,0.0,0.0,0.0,0.0,0.0,0.0,0.0,0.0,0.0,0.7051083085157284,0.6956499533548215,0.0,0.0,0.5710881646050446,0.0,0.0,0.0,0.0,0.0,0.0,0.0,0.0,0.0,0.0,0.0,0.0,0.0,0.0,0.0,0.5667086587477466,0.0,0.0,0.0,0.0,0.8662623857718427,0.0,0.0,0.0,0.0,0.0,0.0,0.0,0.0,0.0,0.0,0.0,0.0,0.0,0.0,0.0
0.0,0.0,0.0,0.0,0.0,0.8769810366644736,0.0,0.0,0.0,0.0,0.0,0.9116074941335958,0.0,0.0,0.0,0.0,0.5505450831930409,0.0,0.0,0.0,0.0,0.0,0.0,0.0,0.0,0.0,0.0,0.0,0.3246665222069972,0.0,0.0,0.0,0.0,0.0,0.0,0.0,0.0,0.0,0.0,0.0,0.0,0.0,0.0,0.0,0.0,0.6977128144177223,0.0,0.0,0.0,0.0,0.0,0.7399711473596418,0.0,0.0,0.0,0.32582761880393896,0.656403955721511,0.0,0.0,0.0
0.0,0.0,0.0,0.0,0.0,0.0,0.0,0.0,0.0,0.0,0.0,0.0,0.0,0.0,0.0,0.0,0.0,0.0,0.0,0.0,0.0,0.0,0.0,0.0,0.0,0.0,0.0,0.0,0.0,0.5812134444147263,0.0,0.0,0.0,0.0,0.0,0.0,0.0,0.0,0.0,0.0,0.0,0.0,0.0,0.0,0.0,0.0,0.0,0.0,0.0,0.0,0.0,0.0,0.0,0.0,0.0,0.0,0.7137452911196488,0.0,0.0,0.0
0.0,0.0,0.0,0.0,0.0,0.0,0.4992631345162596,0.0,0.40610684362419647,0.8237351026388059,0.0,0.0,0.0,0.0,0.0,0.8940257612859495,0.4272956454172454,0.7228470428545608,0.0,0.6729509062748302,0.0,0.0,0.0,0.0,0.0,0.0,0.0,0.0,0.5061126709744339,0.0,0.9009785210648559,0.535537232569617,0.0,0.0,0.0,0.0,0.735631421419667,0.0,0.0,0.0,0.0,0.0,0.0,0.7130837179781542,0.0,0.0,0.0,0.4030053352130796,0.0,0.0,0.0,0.7711223125891499,0.0,0.0,0.0,0.0,0.0,0.0,0.0,0.0
0.5911201576304747,0.400694199298793,0.0,0.0,0.48940115637828263,0.0,0.7012315419166233,0.0,0.41458640160138516,0.0,0.0,0.0,0.0,0.0,0.0,0.0,0.0,0.0,0.0,0.0,0.0,0.0,0.0,0.0,0.0,0.7632806727495827,0.0,0.8307214526724975,0.0,0.4665041510367467,0.8578917781776976,0.0,0.3812059268842929,0.4376334302125445,0.0,0.0,0.8589654462885579,0.0,0.5570185275407951,0.0,0.0,0.0,0.0,0.0,0.0,0.6662672587724507,0.0,0.0,0.0,0.379661492504211,0.5567406025902027,0.0,0.0,0.6371397545596935,0.5769218264931205,0.4666067121086289,0.6712778656010134,0.0,0.0,0.0
0.0,0.0,0.0,0.0,0.0,0.0,0.0,0.0,0.0,0.8947891923719228,0.0,0.5850460689345651,0.0,0.0,0.0,0.0,0.0,0.0,0.0,0.7613347329281974,0.0,0.6609759474637841,0.0,0.39499203521099757,0.0,0.0,0.0,0.9633288476498144,0.0,0.0,0.8990309616293349,0.0,0.0,0.0,0.0,0.0,0.0,0.45993559086897096,0.0,0.0,0.5100050859826997,0.0,0.0,0.0,0.7594054251246727,0.6977128144177223,0.5730926132150294,0.0,0.0,0.0,0.0,0.0,0.0,0.0,0.0,0.0,0.0,0.0,0.8457796774565303,0.3914954424025576
0.0,0.0,0.0,0.7567298894784319,0.0,0.0,0.0,0.0,0.590987874495162,0.0,0.0,0.0,0.6343719647685945,0.0,0.8448365483996342,0.0,0.0,0.8851686526007012,0.8596142287921464,0.6886142108148561,0.0,0.0,0.7549153558521898,0.7102322265298135,0.7107422271895678,0.0,0.0,0.0,0.9220557492306698,0.0,0.6260945931248076,0.0,0.0,0.0,0.0,0.0,0.7997270496062578,0.0,0.7907933675576354,0.0,0.9004762127068187,0.7480522505544953,0.0,0.0,0.0,0.0,0.0,0.0,0.0,0.9305747604822058,0.0,0.8672784712058321,0.6392966170259127,0.0,0.0,0.0,0.8656190428526965,0.0,0.0,0.0
0.0,0.0,0.0,0.0,0.0,0.0,0.0,0.0,0.0,0.0,0.0,0.0,0.0,0.0,0.0,0.0,0.0,0.0,0.0,0.0,0.0,0.6191290352338195,0.0,0.0,0.6445707653150231,0.0,0.0,0.0,0.0,0.0,0.0,0.0,0.0,0.0,0.0,0.0,0.0,0.0,0.0,0.0,0.0,0.0,0.0,0.0,0.0,0.0,0.0,0.0,0.0,0.0,0.0,0.0,0.0,0.0,0.0,0.0,0.0,0.0,0.0,0.0
0.7930766458229712,0.0,0.7339109615494234,0.0,0.0,0.0,0.0,0.0,0.0,0.0,0.7309291603816228,0.0,0.0,0.801395439678569,0.0,0.637742440698579,0.0,0.0,0.0,0.7925418348352007,0.0,0.4851576048906606,0.7170397858407321,0.0,0.0,0.6205741704810941,0.0,0.0,0.4377942492040906,0.0,0.0,0.0,0.8185996005430884,0.0,0.0,0.0,0.7552741424765546,0.6020924303434874,0.0,0.0,0.7169893716433575,0.0,0.6166048077718246,0.0,0.0,0.6977128144177223,0.0,0.0,0.0,0.0,0.7059270611020174,0.0,0.0,0.6708610593092932,0.0,0.6056757673786293,0.0,0.8528529377764827,0.0,0.0
0.0,0.4716370161015112,0.0,0.8959824374116365,0.0,0.0,0.0,0.0,0.2669986911266903,0.0,0.8338648644414386,0.8896063185383434,0.0,0.625091706387374,0.0,0.0,0.28028458557701474,0.0,0.0,0.0,0.0,0.0,0.0,0.0,0.0,0.5245675233075782,0.0,0.893488153641529,0.0,0.0,0.0,0.0,0.0,0.0,0.0,0.0,0.0,0.0,0.0,0.0,0.0,0.0,0.0,0.0,0.0,0.7328342414019822,0.0,0.4400023480263935,0.0,0.3713664532353551,0.0,0.0,0.0,0.0,0.0,0.6601594485167597,0.0,0.0,0.5164879444259824,0.0
0.0,0.0,0.5886648281310636,0.802059739635475,0.0,0.0,0.0,0.0,0.6724470747955602,0.0,0.0,0.0,0.0,0.7364781387048335,0.0,0.0,0.0,0.0,0.0,0.0,0.0,0.0,0.0,0.48421454318861346,0.7237212623657978,0.0,0.7733463900125384,0.6859057043095029,0.4117183444743562,0.0,0.0,0.0,0.0,0.0,0.0,0.0,0.0,0.4507554588254449,0.0,0.5849595036676261,0.0,0.0,0.7832239094741313,0.0,0.0,0.0,0.0,0.2974351487471406,0.0,0.0,0.0,0.0,0.0,0.0,0.0,0.0,0.0,0.0,0.0,0.6254632239460869
0.0,0.0,0.0,0.0,0.7159028702928609,0.0,0.0,0.0,0.0,0.0,0.0,0.0,0.0,0.0,0.0,0.0,0.0,0.0,0.0,0.0,0.0,0.0,0.0,0.0,0.0,0.0,0.0,0.0,0.0,0.0,0.0,0.0,0.0,0.5922547868895223,0.0,0.0,0.0,0.0,0.0,0.0,0.0,0.0,0.0,0.0,0.0,0.0,0.0,0.0,0.0,0.0,0.0,0.0,0.0,0.0,0.0,0.0,0.0,0.0,0.0,0.0
0.0,0.0,0.0,0.0,0.0,0.7657643608247191,0.0,0.4632548521083014,0.3019377400188539,0.0,0.0,0.6803333534654299,0.0,0.0,0.0,0.0,0.0,0.0,0.0,0.0,0.0,0.0,0.8001662761120104,0.5460896151682243,0.0,0.0,0.7328448785436663,0.0,0.0,0.5046393443772733,0.0,0.0,0.0,0.6482275718799282,0.0,0.0,0.0,0.47878069298034676,0.0,0.0,0.8265208491984654,0.0,0.0,0.0,0.0,0.0,0.7944521542521726,0.6344902597522843,0.7410478909223197,0.7650954744627152,0.0,0.0,0.0,0.6560051711449713,0.0,0.5157393268418681,0.0,0.8528529377764827,0.6342351740729956,0.33688447206905114
0.0,0.0,0.0,0.0,0.0,0.0,0.0,0.0,0.0,0.0,0.0,0.0,0.0,0.0,0.0,0.0,0.0,0.0,0.0,0.0,0.0,0.0,0.7549153558521898,0.0,0.0,0.0,0.0,0.0,0.0,0.0,0.0,0.0,0.0,0.0,0.0,0.0,0.0,0.0,0.0,0.0,0.0,0.0,0.0,0.0,0.0,0.0,0.0,0.0,0.0,0.0,0.5681679801217879,0.0,0.0,0.0,0.0,0.0,0.0,0.0,0.0,0.0
0.0,0.0,0.0,0.0,0.0,0.0,0.0,0.0,0.0,0.0,0.0,0.0,0.0,0.0,0.0,0.0,0.0,0.0,0.0,0.8858120396296304,0.0,0.0,0.0,0.0,0.0,0.0,0.0,0.0,0.0,0.0,0.0,0.0,0.0,0.0,0.7089850450482416,0.0,0.0,0.0,0.0,0.0,0.0,0.0,0.0,0.0,0.0,0.0,0.0,0.0,0.0,0.0,0.0,0.0,0.0,0.0,0.0,0.0,0.0,0.0,0.0,0.0
0.0,0.0,0.0,0.0,0.6694114023560931,0.0,0.0,0.0,0.0,0.0,0.0,0.0,0.0,0.0,0.6477561970558757,0.0,0.0,0.0,0.0,0.0,0.0,0.0,0.0,0.0,0.0,0.0,0.0,0.0,0.0,0.0,0.0,0.0,0.0,0.0,0.0,0.0,0.0,0.0,0.7849823613232502,0.0,0.0,0.0,0.0,0.6874635267512594,0.0,0.0,0.0,0.0,0.0,0.0,0.0,0.7599687432740037,0.0,0.0,0.0,0.0,0.0,0.0,0.0,0.6687565798643829
0.0,0.0,0.0,0.7338803777869357,0.0,0.8769810366644736,0.0,0.0,0.0,0.0,0.0,0.0,0.0,0.7343757755408384,0.0,0.0,0.0,0.0,0.6540113227898581,0.0,0.7497422311037631,0.0,0.0,0.0,0.0,0.0,0.0,0.9069665297577829,0.4050842969192965,0.0,0.0,0.0,0.0,0.0,0.0,0.0,0.0,0.0,0.0,0.7597056255253221,0.0,0.0,0.0,0.0,0.0,0.0,0.0,0.0,0.0,0.0,0.0,0.0,0.0,0.0,0.0,0.0,0.0,0.0,0.0,0.0
